condition,video_id,center,raw_score
DINO,R01/training/03,0,-0.28338501806851224
DINO,R01/training/03,16,-0.3945943935949572
DINO,R01/training/03,32,-0.4747298642955132
DINO,R01/training/03,48,-0.5062389512247313
DINO,R01/training/03,64,-0.4291457578692973
DINO,R01/training/03,80,-0.3371160667569453
DINO,R01/training/03,96,-0.4218780700866436
DINO,R01/training/03,112,-0.4615670473649134
DINO,R01/training/03,128,-0.4470116502993604
DINO,R01/training/03,144,-0.5909627198916874
DINO,R01/training/03,160,-0.5775557081462941
DINO,R01/training/03,176,-0.5332205314843192
DINO,R01/training/03,192,-0.49051749408765255
HYBRID,R01/training/03,0,-0.28338501806851224
HYBRID,R01/training/03,16,-0.3945943935949572
HYBRID,R01/training/03,32,-0.4747298642955132
HYBRID,R01/training/03,48,-0.5062389512247313
HYBRID,R01/training/03,64,-0.4291457578692973
HYBRID,R01/training/03,80,-0.3371160667569453
HYBRID,R01/training/03,96,-0.4218780700866436
HYBRID,R01/training/03,112,-0.4615670473649134
HYBRID,R01/training/03,128,-0.4470116502993604
HYBRID,R01/training/03,144,-0.5909627198916874
HYBRID,R01/training/03,160,-0.5775557081462941
HYBRID,R01/training/03,176,-0.5332205314843192
HYBRID,R01/training/03,192,-0.49051749408765255
DINO,R01/training/04,0,-0.22824900342939497
DINO,R01/training/04,16,-0.3863005822938813
DINO,R01/training/04,32,-0.47057783862649194
DINO,R01/training/04,48,-0.47826580919379597
DINO,R01/training/04,64,-0.4727093107571129
DINO,R01/training/04,80,-0.4123023117158222
DINO,R01/training/04,96,-0.36274771423452323
DINO,R01/training/04,112,-0.28902030032995174
DINO,R01/training/04,128,-0.38787629339834556
DINO,R01/training/04,144,-0.43361762138072535
DINO,R01/training/04,160,-0.3783689273994738
DINO,R01/training/04,176,-0.4133094260570449
DINO,R01/training/04,192,-0.47008952254174174
DINO,R01/training/04,208,-0.4589754181696586
DINO,R01/training/04,224,-0.39715377986857614
HYBRID,R01/training/04,0,-0.22824900342939497
HYBRID,R01/training/04,16,-0.3863005822938813
HYBRID,R01/training/04,32,-0.47057783862649194
HYBRID,R01/training/04,48,-0.47826580919379597
HYBRID,R01/training/04,64,-0.4727093107571129
HYBRID,R01/training/04,80,-0.4123023117158222
HYBRID,R01/training/04,96,-0.36274771423452323
HYBRID,R01/training/04,112,-0.28902030032995174
HYBRID,R01/training/04,128,-0.38787629339834556
HYBRID,R01/training/04,144,-0.43361762138072535
HYBRID,R01/training/04,160,-0.3783689273994738
HYBRID,R01/training/04,176,-0.4133094260570449
HYBRID,R01/training/04,192,-0.47008952254174174
HYBRID,R01/training/04,208,-0.4589754181696586
HYBRID,R01/training/04,224,-0.39715377986857614
DINO,R01/training/05,0,-0.3035887927026014
DINO,R01/training/05,16,-0.43316582247047236
DINO,R01/training/05,32,-0.5277023931692175
DINO,R01/training/05,48,-0.6265996275863237
DINO,R01/training/05,64,-0.5853240415892599
DINO,R01/training/05,80,-0.4371246242226893
DINO,R01/training/05,96,-0.4511026986464365
DINO,R01/training/05,112,-0.5233296637714732
DINO,R01/training/05,128,-0.5551090452801739
DINO,R01/training/05,144,-0.5955794104912147
DINO,R01/training/05,160,-0.568255210794515
DINO,R01/training/05,176,-0.6277582832266182
DINO,R01/training/05,192,-0.586869616615351
DINO,R01/training/05,208,-0.5815937696016225
DINO,R01/training/05,224,-0.4225261111361161
HYBRID,R01/training/05,0,-0.3035887927026014
HYBRID,R01/training/05,16,-0.43316582247047236
HYBRID,R01/training/05,32,-0.5277023931692175
HYBRID,R01/training/05,48,-0.6265996275863237
HYBRID,R01/training/05,64,-0.5853240415892599
HYBRID,R01/training/05,80,-0.4371246242226893
HYBRID,R01/training/05,96,-0.4511026986464365
HYBRID,R01/training/05,112,-0.5233296637714732
HYBRID,R01/training/05,128,-0.5551090452801739
HYBRID,R01/training/05,144,-0.5955794104912147
HYBRID,R01/training/05,160,-0.568255210794515
HYBRID,R01/training/05,176,-0.6277582832266182
HYBRID,R01/training/05,192,-0.586869616615351
HYBRID,R01/training/05,208,-0.5815937696016225
HYBRID,R01/training/05,224,-0.4225261111361161
DINO,R01/training/22,0,-0.25492696031998163
DINO,R01/training/22,16,-0.44652936489121825
DINO,R01/training/22,32,-0.5129562986683086
DINO,R01/training/22,48,-0.4814633786246605
DINO,R01/training/22,64,-0.4866649583318382
DINO,R01/training/22,80,-0.46559918197163846
DINO,R01/training/22,96,-0.4219609075297514
DINO,R01/training/22,112,-0.39782916806085034
DINO,R01/training/22,128,-0.3938385170681822
DINO,R01/training/22,144,-0.4531887849604895
DINO,R01/training/22,160,-0.49422917456983667
DINO,R01/training/22,176,-0.5272633910605475
DINO,R01/training/22,192,-0.4848234561875965
DINO,R01/training/22,208,-0.49189440720595246
DINO,R01/training/22,224,-0.38838876679886314
HYBRID,R01/training/22,0,-0.25492696031998163
HYBRID,R01/training/22,16,-0.44652936489121825
HYBRID,R01/training/22,32,-0.5129562986683086
HYBRID,R01/training/22,48,-0.4814633786246605
HYBRID,R01/training/22,64,-0.4866649583318382
HYBRID,R01/training/22,80,-0.46559918197163846
HYBRID,R01/training/22,96,-0.4219609075297514
HYBRID,R01/training/22,112,-0.39782916806085034
HYBRID,R01/training/22,128,-0.3938385170681822
HYBRID,R01/training/22,144,-0.4531887849604895
HYBRID,R01/training/22,160,-0.49422917456983667
HYBRID,R01/training/22,176,-0.5272633910605475
HYBRID,R01/training/22,192,-0.4848234561875965
HYBRID,R01/training/22,208,-0.49189440720595246
HYBRID,R01/training/22,224,-0.38838876679886314
DINO,R01/training/25,0,-0.08627171718550379
DINO,R01/training/25,16,-0.22275686105097772
DINO,R01/training/25,32,-0.25799593011465316
DINO,R01/training/25,48,-0.11782959029844484
DINO,R01/training/25,64,0.23781824541305596
DINO,R01/training/25,80,0.8041034165666239
DINO,R01/training/25,96,0.9667765832515272
DINO,R01/training/25,112,0.6294065602741921
DINO,R01/training/25,128,0.44961798728208846
DINO,R01/training/25,144,0.6072259826271961
DINO,R01/training/25,160,0.6660425659228526
DINO,R01/training/25,176,0.7582528225877654
DINO,R01/training/25,192,0.4747122037025116
DINO,R01/training/25,208,0.4688900050755553
DINO,R01/training/25,224,0.510600786154449
HYBRID,R01/training/25,0,-0.08627171718550379
HYBRID,R01/training/25,16,-0.22275686105097772
HYBRID,R01/training/25,32,-0.25799593011465316
HYBRID,R01/training/25,48,-0.11782959029844484
HYBRID,R01/training/25,64,0.23781824541305596
HYBRID,R01/training/25,80,0.8041034165666239
HYBRID,R01/training/25,96,0.9667765832515272
HYBRID,R01/training/25,112,0.6294065602741921
HYBRID,R01/training/25,128,0.44961798728208846
HYBRID,R01/training/25,144,0.6072259826271961
HYBRID,R01/training/25,160,0.6660425659228526
HYBRID,R01/training/25,176,0.7582528225877654
HYBRID,R01/training/25,192,0.4747122037025116
HYBRID,R01/training/25,208,0.4688900050755553
HYBRID,R01/training/25,224,0.510600786154449
DINO,R01/training/27,0,-0.16127563584190624
DINO,R01/training/27,16,-0.3918513312548023
DINO,R01/training/27,32,-0.4465761999736857
DINO,R01/training/27,48,-0.45569632212424593
DINO,R01/training/27,64,-0.48018619033846516
DINO,R01/training/27,80,-0.3842091920992533
DINO,R01/training/27,96,-0.3903520764973218
DINO,R01/training/27,112,-0.33217724544657357
DINO,R01/training/27,128,-0.3348918416087647
DINO,R01/training/27,144,-0.39366080678575144
DINO,R01/training/27,160,-0.42106065383623115
DINO,R01/training/27,176,-0.3979119622422896
DINO,R01/training/27,192,-0.3452203010998831
DINO,R01/training/27,208,-0.3624753084856111
DINO,R01/training/27,224,-0.2213564876354313
HYBRID,R01/training/27,0,-0.16127563584190624
HYBRID,R01/training/27,16,-0.3918513312548023
HYBRID,R01/training/27,32,-0.4465761999736857
HYBRID,R01/training/27,48,-0.45569632212424593
HYBRID,R01/training/27,64,-0.48018619033846516
HYBRID,R01/training/27,80,-0.3842091920992533
HYBRID,R01/training/27,96,-0.3903520764973218
HYBRID,R01/training/27,112,-0.33217724544657357
HYBRID,R01/training/27,128,-0.3348918416087647
HYBRID,R01/training/27,144,-0.39366080678575144
HYBRID,R01/training/27,160,-0.42106065383623115
HYBRID,R01/training/27,176,-0.3979119622422896
HYBRID,R01/training/27,192,-0.3452203010998831
HYBRID,R01/training/27,208,-0.3624753084856111
HYBRID,R01/training/27,224,-0.2213564876354313
DINO,R01/training/28,0,-0.12767446220519513
DINO,R01/training/28,16,-0.17663248560214428
DINO,R01/training/28,32,-0.1644000800742722
DINO,R01/training/28,48,-0.18352272830443297
DINO,R01/training/28,64,-0.31268651828730787
DINO,R01/training/28,80,-0.3032076703804022
DINO,R01/training/28,96,-0.27785905804372074
DINO,R01/training/28,112,-0.3241125912042726
DINO,R01/training/28,128,-0.4351364087815959
DINO,R01/training/28,144,-0.3765476414329866
DINO,R01/training/28,160,-0.45164536003932965
DINO,R01/training/28,176,-0.5053694652299463
DINO,R01/training/28,192,-0.5596454811582109
DINO,R01/training/28,208,-0.490820557414689
DINO,R01/training/28,224,-0.39367693473581966
HYBRID,R01/training/28,0,-0.12767446220519513
HYBRID,R01/training/28,16,-0.17663248560214428
HYBRID,R01/training/28,32,-0.1644000800742722
HYBRID,R01/training/28,48,-0.18352272830443297
HYBRID,R01/training/28,64,-0.31268651828730787
HYBRID,R01/training/28,80,-0.3032076703804022
HYBRID,R01/training/28,96,-0.27785905804372074
HYBRID,R01/training/28,112,-0.3241125912042726
HYBRID,R01/training/28,128,-0.4351364087815959
HYBRID,R01/training/28,144,-0.3765476414329866
HYBRID,R01/training/28,160,-0.45164536003932965
HYBRID,R01/training/28,176,-0.5053694652299463
HYBRID,R01/training/28,192,-0.5596454811582109
HYBRID,R01/training/28,208,-0.490820557414689
HYBRID,R01/training/28,224,-0.39367693473581966
DINO,R02/training/05,0,0.28006495387377595
DINO,R02/training/05,16,0.995709591356214
DINO,R02/training/05,32,-0.9018838371238365
DINO,R02/training/05,48,-0.8463268004575994
DINO,R02/training/05,64,-0.8046685048821949
DINO,R02/training/05,80,-0.7260666000996316
DINO,R02/training/05,96,-0.8021423234025828
DINO,R02/training/05,112,-0.8978053658159224
DINO,R02/training/05,128,-0.9691955867231445
DINO,R02/training/05,144,-0.9046154849823225
DINO,R02/training/05,160,-0.8131580721592464
DINO,R02/training/05,176,-0.8047394453157168
DINO,R02/training/05,192,-0.8538721219283767
DINO,R02/training/05,208,-0.8392112816259489
DINO,R02/training/05,224,-0.8282412837312438
DINO,R02/training/05,240,-0.8761251335016018
DINO,R02/training/05,256,-0.8240893938048461
DINO,R02/training/05,272,-0.7673986926344847
DINO,R02/training/05,288,-0.3609906100858074
DINO,R02/training/05,304,1.285332353920954
DINO,R02/training/05,320,-0.8798789593942167
DINO,R02/training/05,336,-0.9472605568596408
DINO,R02/training/05,352,-0.9909196172935348
DINO,R02/training/05,368,-0.8971794298081239
DINO,R02/training/05,384,-0.9955880208500942
DINO,R02/training/05,400,-1.0272266100890695
DINO,R02/training/05,416,-1.000028386795597
DINO,R02/training/05,432,-1.0045599646001948
DINO,R02/training/05,448,-0.9999880318787863
DINO,R02/training/05,464,-0.9912626229377786
DINO,R02/training/05,480,-1.108549507808915
DINO,R02/training/05,496,-1.1313493637027958
DINO,R02/training/05,512,-1.0280286405688894
DINO,R02/training/05,528,-1.0396521594093977
DINO,R02/training/05,544,-0.9590067840796814
DINO,R02/training/05,560,-1.0096054217689343
DINO,R02/training/05,576,-1.017092470854509
DINO,R02/training/05,592,-1.0247432935645067
HYBRID,R02/training/05,0,0.28006495387377595
HYBRID,R02/training/05,16,0.995709591356214
HYBRID,R02/training/05,32,-0.9018838371238365
HYBRID,R02/training/05,48,-0.8463268004575994
HYBRID,R02/training/05,64,-0.8046685048821949
HYBRID,R02/training/05,80,-0.7260666000996316
HYBRID,R02/training/05,96,-0.8021423234025828
HYBRID,R02/training/05,112,-0.8978053658159224
HYBRID,R02/training/05,128,-0.9691955867231445
HYBRID,R02/training/05,144,-0.9046154849823225
HYBRID,R02/training/05,160,-0.8131580721592464
HYBRID,R02/training/05,176,-0.8047394453157168
HYBRID,R02/training/05,192,-0.8538721219283767
HYBRID,R02/training/05,208,-0.8392112816259489
HYBRID,R02/training/05,224,-0.8282412837312438
HYBRID,R02/training/05,240,-0.8761251335016018
HYBRID,R02/training/05,256,-0.8240893938048461
HYBRID,R02/training/05,272,-0.7673986926344847
HYBRID,R02/training/05,288,-0.3609906100858074
HYBRID,R02/training/05,304,1.285332353920954
HYBRID,R02/training/05,320,-0.8798789593942167
HYBRID,R02/training/05,336,-0.9472605568596408
HYBRID,R02/training/05,352,-0.9909196172935348
HYBRID,R02/training/05,368,-0.8971794298081239
HYBRID,R02/training/05,384,-0.9955880208500942
HYBRID,R02/training/05,400,-1.0272266100890695
HYBRID,R02/training/05,416,-1.000028386795597
HYBRID,R02/training/05,432,-1.0045599646001948
HYBRID,R02/training/05,448,-0.9999880318787863
HYBRID,R02/training/05,464,-0.9912626229377786
HYBRID,R02/training/05,480,-1.108549507808915
HYBRID,R02/training/05,496,-1.1313493637027958
HYBRID,R02/training/05,512,-1.0280286405688894
HYBRID,R02/training/05,528,-1.0396521594093977
HYBRID,R02/training/05,544,-0.9590067840796814
HYBRID,R02/training/05,560,-1.0096054217689343
HYBRID,R02/training/05,576,-1.017092470854509
HYBRID,R02/training/05,592,-1.0247432935645067
DINO,R02/training/09,0,0.3775408777757129
DINO,R02/training/09,16,0.13807024321723824
DINO,R02/training/09,32,-0.9891562931335143
DINO,R02/training/09,48,-0.9043144619573515
DINO,R02/training/09,64,-0.8564234579409475
DINO,R02/training/09,80,-0.8696139286732258
DINO,R02/training/09,96,-0.9264082867780614
DINO,R02/training/09,112,-0.9149003443683339
DINO,R02/training/09,128,-0.9809049883694818
DINO,R02/training/09,144,-0.8541793213037857
DINO,R02/training/09,160,-0.8972724190800834
DINO,R02/training/09,176,-0.9067126283014592
DINO,R02/training/09,192,-0.8566754173631375
DINO,R02/training/09,208,-0.8673314884703014
DINO,R02/training/09,224,-0.972060441801309
DINO,R02/training/09,240,-0.9185851410240552
DINO,R02/training/09,256,-0.9373606156599361
DINO,R02/training/09,272,-0.8522882527611164
DINO,R02/training/09,288,-0.9133042212453573
DINO,R02/training/09,304,0.8709001824047504
DINO,R02/training/09,320,-0.5632995901991062
DINO,R02/training/09,336,-1.062002852242305
DINO,R02/training/09,352,-1.0683869147149703
DINO,R02/training/09,368,-1.1022643911710346
DINO,R02/training/09,384,-1.09335422685195
DINO,R02/training/09,400,-1.0889907802000889
DINO,R02/training/09,416,-1.0856351807929703
DINO,R02/training/09,432,-1.0978234136426106
DINO,R02/training/09,448,-1.104130560006962
DINO,R02/training/09,464,-1.0662513404169625
DINO,R02/training/09,480,-1.1204676503510163
DINO,R02/training/09,496,-1.1429850887191044
DINO,R02/training/09,512,-1.0530086016422224
DINO,R02/training/09,528,-1.0127602722675235
DINO,R02/training/09,544,-1.0629757022914523
DINO,R02/training/09,560,-1.1169899509619587
DINO,R02/training/09,576,-1.1110237397788367
DINO,R02/training/09,592,-1.1537183254519199
HYBRID,R02/training/09,0,0.3775408777757129
HYBRID,R02/training/09,16,0.13807024321723824
HYBRID,R02/training/09,32,-0.9891562931335143
HYBRID,R02/training/09,48,-0.9043144619573515
HYBRID,R02/training/09,64,-0.8564234579409475
HYBRID,R02/training/09,80,-0.8696139286732258
HYBRID,R02/training/09,96,-0.9264082867780614
HYBRID,R02/training/09,112,-0.9149003443683339
HYBRID,R02/training/09,128,-0.9809049883694818
HYBRID,R02/training/09,144,-0.8541793213037857
HYBRID,R02/training/09,160,-0.8972724190800834
HYBRID,R02/training/09,176,-0.9067126283014592
HYBRID,R02/training/09,192,-0.8566754173631375
HYBRID,R02/training/09,208,-0.8673314884703014
HYBRID,R02/training/09,224,-0.972060441801309
HYBRID,R02/training/09,240,-0.9185851410240552
HYBRID,R02/training/09,256,-0.9373606156599361
HYBRID,R02/training/09,272,-0.8522882527611164
HYBRID,R02/training/09,288,-0.9133042212453573
HYBRID,R02/training/09,304,0.8709001824047504
HYBRID,R02/training/09,320,-0.5632995901991062
HYBRID,R02/training/09,336,-1.062002852242305
HYBRID,R02/training/09,352,-1.0683869147149703
HYBRID,R02/training/09,368,-1.1022643911710346
HYBRID,R02/training/09,384,-1.09335422685195
HYBRID,R02/training/09,400,-1.0889907802000889
HYBRID,R02/training/09,416,-1.0856351807929703
HYBRID,R02/training/09,432,-1.0978234136426106
HYBRID,R02/training/09,448,-1.104130560006962
HYBRID,R02/training/09,464,-1.0662513404169625
HYBRID,R02/training/09,480,-1.1204676503510163
HYBRID,R02/training/09,496,-1.1429850887191044
HYBRID,R02/training/09,512,-1.0530086016422224
HYBRID,R02/training/09,528,-1.0127602722675235
HYBRID,R02/training/09,544,-1.0629757022914523
HYBRID,R02/training/09,560,-1.1169899509619587
HYBRID,R02/training/09,576,-1.1110237397788367
HYBRID,R02/training/09,592,-1.1537183254519199
DINO,R02/training/10,0,-0.40931991838100734
DINO,R02/training/10,16,1.1575816515821695
DINO,R02/training/10,32,-0.45457592693775584
DINO,R02/training/10,48,-0.7458760575941499
DINO,R02/training/10,64,-0.756553110454967
DINO,R02/training/10,80,-0.6884516958180251
DINO,R02/training/10,96,-0.7572176590053163
DINO,R02/training/10,112,-0.7186879094922374
DINO,R02/training/10,128,-0.801905373244582
DINO,R02/training/10,144,-0.7924608256068596
DINO,R02/training/10,160,-0.7358522135170198
DINO,R02/training/10,176,-0.734535341704088
DINO,R02/training/10,192,-0.7549146033614257
DINO,R02/training/10,208,-0.6223022563749747
DINO,R02/training/10,224,-0.7190854065376872
DINO,R02/training/10,240,-0.7050242615133484
DINO,R02/training/10,256,-0.7051945236503256
DINO,R02/training/10,272,-0.6109826592076577
DINO,R02/training/10,288,-0.5543623569651068
DINO,R02/training/10,304,0.6704688255658394
DINO,R02/training/10,320,-0.18611350342447008
DINO,R02/training/10,336,-1.039418283092641
DINO,R02/training/10,352,-1.0270059051024107
DINO,R02/training/10,368,-1.0888160586043119
DINO,R02/training/10,384,-1.1619852500012864
DINO,R02/training/10,400,-1.159668051502345
DINO,R02/training/10,416,-1.1198431732233107
DINO,R02/training/10,432,-1.1460499983043566
DINO,R02/training/10,448,-1.1017042640338106
DINO,R02/training/10,464,-1.090912045649488
DINO,R02/training/10,480,-1.163776812091493
DINO,R02/training/10,496,-1.1761570055304993
DINO,R02/training/10,512,-1.0907630646869695
DINO,R02/training/10,528,-1.0896574884026284
DINO,R02/training/10,544,-1.1255267566490113
DINO,R02/training/10,560,-1.1651214663327478
DINO,R02/training/10,576,-1.1498672377011048
DINO,R02/training/10,592,-1.2186304795567524
HYBRID,R02/training/10,0,-0.40931991838100734
HYBRID,R02/training/10,16,1.1575816515821695
HYBRID,R02/training/10,32,-0.45457592693775584
HYBRID,R02/training/10,48,-0.7458760575941499
HYBRID,R02/training/10,64,-0.756553110454967
HYBRID,R02/training/10,80,-0.6884516958180251
HYBRID,R02/training/10,96,-0.7572176590053163
HYBRID,R02/training/10,112,-0.7186879094922374
HYBRID,R02/training/10,128,-0.801905373244582
HYBRID,R02/training/10,144,-0.7924608256068596
HYBRID,R02/training/10,160,-0.7358522135170198
HYBRID,R02/training/10,176,-0.734535341704088
HYBRID,R02/training/10,192,-0.7549146033614257
HYBRID,R02/training/10,208,-0.6223022563749747
HYBRID,R02/training/10,224,-0.7190854065376872
HYBRID,R02/training/10,240,-0.7050242615133484
HYBRID,R02/training/10,256,-0.7051945236503256
HYBRID,R02/training/10,272,-0.6109826592076577
HYBRID,R02/training/10,288,-0.5543623569651068
HYBRID,R02/training/10,304,0.6704688255658394
HYBRID,R02/training/10,320,-0.18611350342447008
HYBRID,R02/training/10,336,-1.039418283092641
HYBRID,R02/training/10,352,-1.0270059051024107
HYBRID,R02/training/10,368,-1.0888160586043119
HYBRID,R02/training/10,384,-1.1619852500012864
HYBRID,R02/training/10,400,-1.159668051502345
HYBRID,R02/training/10,416,-1.1198431732233107
HYBRID,R02/training/10,432,-1.1460499983043566
HYBRID,R02/training/10,448,-1.1017042640338106
HYBRID,R02/training/10,464,-1.090912045649488
HYBRID,R02/training/10,480,-1.163776812091493
HYBRID,R02/training/10,496,-1.1761570055304993
HYBRID,R02/training/10,512,-1.0907630646869695
HYBRID,R02/training/10,528,-1.0896574884026284
HYBRID,R02/training/10,544,-1.1255267566490113
HYBRID,R02/training/10,560,-1.1651214663327478
HYBRID,R02/training/10,576,-1.1498672377011048
HYBRID,R02/training/10,592,-1.2186304795567524
DINO,R02/training/23,0,0.08496122327383546
DINO,R02/training/23,16,0.8987787566593624
DINO,R02/training/23,32,-0.8191291441524601
DINO,R02/training/23,48,-0.9197720259836277
DINO,R02/training/23,64,-0.870022577551003
DINO,R02/training/23,80,-0.7505217879880399
DINO,R02/training/23,96,-0.8031331100320886
DINO,R02/training/23,112,-0.7268607660053255
DINO,R02/training/23,128,-0.7650812010853936
DINO,R02/training/23,144,-0.6614557695023511
DINO,R02/training/23,160,-0.47277695320301
DINO,R02/training/23,176,-0.6041237822299368
DINO,R02/training/23,192,-0.7218816209889392
DINO,R02/training/23,208,-0.7814126247314442
DINO,R02/training/23,224,-0.8797106626044391
DINO,R02/training/23,240,-0.937104712802036
DINO,R02/training/23,256,-0.8082674314733977
DINO,R02/training/23,272,-0.708491452506277
DINO,R02/training/23,288,-0.6261386905565286
DINO,R02/training/23,304,0.15719429145020714
DINO,R02/training/23,320,0.11901787122849339
DINO,R02/training/23,336,-0.8649274993471321
DINO,R02/training/23,352,-1.0203232914190807
DINO,R02/training/23,368,-1.1115725207787426
DINO,R02/training/23,384,-1.1752544970732637
DINO,R02/training/23,400,-1.0821160976262503
DINO,R02/training/23,416,-1.1440134208063768
DINO,R02/training/23,432,-1.0649610883877378
DINO,R02/training/23,448,-1.1322314128001232
DINO,R02/training/23,464,-1.1429829035842924
DINO,R02/training/23,480,-1.1540594921002965
DINO,R02/training/23,496,-1.1282479661885778
DINO,R02/training/23,512,-1.232601496795195
DINO,R02/training/23,528,-1.1580776683399092
DINO,R02/training/23,544,-1.1096775406536405
DINO,R02/training/23,560,-1.1729947937395628
DINO,R02/training/23,576,-1.1591810340068167
DINO,R02/training/23,592,-1.196624605881334
DINO,R02/training/23,608,-1.268821119236858
HYBRID,R02/training/23,0,0.08496122327383546
HYBRID,R02/training/23,16,0.8987787566593624
HYBRID,R02/training/23,32,-0.8191291441524601
HYBRID,R02/training/23,48,-0.9197720259836277
HYBRID,R02/training/23,64,-0.870022577551003
HYBRID,R02/training/23,80,-0.7505217879880399
HYBRID,R02/training/23,96,-0.8031331100320886
HYBRID,R02/training/23,112,-0.7268607660053255
HYBRID,R02/training/23,128,-0.7650812010853936
HYBRID,R02/training/23,144,-0.6614557695023511
HYBRID,R02/training/23,160,-0.47277695320301
HYBRID,R02/training/23,176,-0.6041237822299368
HYBRID,R02/training/23,192,-0.7218816209889392
HYBRID,R02/training/23,208,-0.7814126247314442
HYBRID,R02/training/23,224,-0.8797106626044391
HYBRID,R02/training/23,240,-0.937104712802036
HYBRID,R02/training/23,256,-0.8082674314733977
HYBRID,R02/training/23,272,-0.708491452506277
HYBRID,R02/training/23,288,-0.6261386905565286
HYBRID,R02/training/23,304,0.15719429145020714
HYBRID,R02/training/23,320,0.11901787122849339
HYBRID,R02/training/23,336,-0.8649274993471321
HYBRID,R02/training/23,352,-1.0203232914190807
HYBRID,R02/training/23,368,-1.1115725207787426
HYBRID,R02/training/23,384,-1.1752544970732637
HYBRID,R02/training/23,400,-1.0821160976262503
HYBRID,R02/training/23,416,-1.1440134208063768
HYBRID,R02/training/23,432,-1.0649610883877378
HYBRID,R02/training/23,448,-1.1322314128001232
HYBRID,R02/training/23,464,-1.1429829035842924
HYBRID,R02/training/23,480,-1.1540594921002965
HYBRID,R02/training/23,496,-1.1282479661885778
HYBRID,R02/training/23,512,-1.232601496795195
HYBRID,R02/training/23,528,-1.1580776683399092
HYBRID,R02/training/23,544,-1.1096775406536405
HYBRID,R02/training/23,560,-1.1729947937395628
HYBRID,R02/training/23,576,-1.1591810340068167
HYBRID,R02/training/23,592,-1.196624605881334
HYBRID,R02/training/23,608,-1.268821119236858
DINO,R02/training/26,0,0.6728325744439956
DINO,R02/training/26,16,0.20138538124555838
DINO,R02/training/26,32,-0.8480748223032812
DINO,R02/training/26,48,-0.7046847947681951
DINO,R02/training/26,64,-0.6546244519800131
DINO,R02/training/26,80,-0.9309516057006135
DINO,R02/training/26,96,-0.9343797159078171
DINO,R02/training/26,112,-0.9199728895639547
DINO,R02/training/26,128,-0.9173587994100875
DINO,R02/training/26,144,-0.8206400056085119
DINO,R02/training/26,160,-0.8741939075324403
DINO,R02/training/26,176,-0.8172773889244391
DINO,R02/training/26,192,-0.7905773031055453
DINO,R02/training/26,208,-0.8700192202155923
DINO,R02/training/26,224,-0.9107222200828824
DINO,R02/training/26,240,-0.8659321580788331
DINO,R02/training/26,256,-0.8005066225827577
DINO,R02/training/26,272,-0.7564871200207128
DINO,R02/training/26,288,0.16070535714707054
DINO,R02/training/26,304,0.011876646922259704
DINO,R02/training/26,320,-1.0700946262384292
DINO,R02/training/26,336,-1.113412805641665
DINO,R02/training/26,352,-1.134762932888984
DINO,R02/training/26,368,-1.111956929312615
DINO,R02/training/26,384,-1.1389028364271936
DINO,R02/training/26,400,-1.087581740929748
DINO,R02/training/26,416,-1.1218885231138152
DINO,R02/training/26,432,-1.0490218550311652
DINO,R02/training/26,448,-1.0443000908647382
DINO,R02/training/26,464,-1.1295877882876901
DINO,R02/training/26,480,-1.1158222767138302
DINO,R02/training/26,496,-1.0307162257891056
DINO,R02/training/26,512,-1.0170279361150198
DINO,R02/training/26,528,-1.0683761546779518
DINO,R02/training/26,544,-1.077560266736437
DINO,R02/training/26,560,-1.1486808856013542
HYBRID,R02/training/26,0,0.6728325744439956
HYBRID,R02/training/26,16,0.20138538124555838
HYBRID,R02/training/26,32,-0.8480748223032812
HYBRID,R02/training/26,48,-0.7046847947681951
HYBRID,R02/training/26,64,-0.6546244519800131
HYBRID,R02/training/26,80,-0.9309516057006135
HYBRID,R02/training/26,96,-0.9343797159078171
HYBRID,R02/training/26,112,-0.9199728895639547
HYBRID,R02/training/26,128,-0.9173587994100875
HYBRID,R02/training/26,144,-0.8206400056085119
HYBRID,R02/training/26,160,-0.8741939075324403
HYBRID,R02/training/26,176,-0.8172773889244391
HYBRID,R02/training/26,192,-0.7905773031055453
HYBRID,R02/training/26,208,-0.8700192202155923
HYBRID,R02/training/26,224,-0.9107222200828824
HYBRID,R02/training/26,240,-0.8659321580788331
HYBRID,R02/training/26,256,-0.8005066225827577
HYBRID,R02/training/26,272,-0.7564871200207128
HYBRID,R02/training/26,288,0.16070535714707054
HYBRID,R02/training/26,304,0.011876646922259704
HYBRID,R02/training/26,320,-1.0700946262384292
HYBRID,R02/training/26,336,-1.113412805641665
HYBRID,R02/training/26,352,-1.134762932888984
HYBRID,R02/training/26,368,-1.111956929312615
HYBRID,R02/training/26,384,-1.1389028364271936
HYBRID,R02/training/26,400,-1.087581740929748
HYBRID,R02/training/26,416,-1.1218885231138152
HYBRID,R02/training/26,432,-1.0490218550311652
HYBRID,R02/training/26,448,-1.0443000908647382
HYBRID,R02/training/26,464,-1.1295877882876901
HYBRID,R02/training/26,480,-1.1158222767138302
HYBRID,R02/training/26,496,-1.0307162257891056
HYBRID,R02/training/26,512,-1.0170279361150198
HYBRID,R02/training/26,528,-1.0683761546779518
HYBRID,R02/training/26,544,-1.077560266736437
HYBRID,R02/training/26,560,-1.1486808856013542
DINO,R02/training/28,0,0.4736432788113216
DINO,R02/training/28,16,0.13068698803522955
DINO,R02/training/28,32,-0.956605037427223
DINO,R02/training/28,48,-0.7512110960907115
DINO,R02/training/28,64,-0.8949853028160744
DINO,R02/training/28,80,-0.9779962267341054
DINO,R02/training/28,96,-0.9351035147389777
DINO,R02/training/28,112,-0.8990236198828239
DINO,R02/training/28,128,-0.9772242434506128
DINO,R02/training/28,144,-0.9010682753718866
DINO,R02/training/28,160,-0.9109218318294177
DINO,R02/training/28,176,-0.9584382476772921
DINO,R02/training/28,192,-0.9732833782999504
DINO,R02/training/28,208,-1.003733403911648
DINO,R02/training/28,224,-1.0343016370348175
DINO,R02/training/28,240,-0.9869983896882301
DINO,R02/training/28,256,-0.8917812613015955
DINO,R02/training/28,272,-0.8962290586166555
DINO,R02/training/28,288,-0.45917229112273183
DINO,R02/training/28,304,0.3722963949607371
DINO,R02/training/28,320,-0.9321579976071075
DINO,R02/training/28,336,-1.0911974605686598
DINO,R02/training/28,352,-1.1384264356289362
DINO,R02/training/28,368,-1.1113634677208626
DINO,R02/training/28,384,-1.1342007289180907
DINO,R02/training/28,400,-1.1376499323654174
DINO,R02/training/28,416,-1.1408984729080631
DINO,R02/training/28,432,-1.1275639807685165
DINO,R02/training/28,448,-1.1091590361936576
DINO,R02/training/28,464,-1.1477391138846202
DINO,R02/training/28,480,-1.1836509763331966
DINO,R02/training/28,496,-1.1627720036493896
DINO,R02/training/28,512,-1.114436863019145
DINO,R02/training/28,528,-1.1349463185761437
DINO,R02/training/28,544,-1.1781776691312191
DINO,R02/training/28,560,-1.1933708541425478
DINO,R02/training/28,576,-1.156256189651811
HYBRID,R02/training/28,0,0.4736432788113216
HYBRID,R02/training/28,16,0.13068698803522955
HYBRID,R02/training/28,32,-0.956605037427223
HYBRID,R02/training/28,48,-0.7512110960907115
HYBRID,R02/training/28,64,-0.8949853028160744
HYBRID,R02/training/28,80,-0.9779962267341054
HYBRID,R02/training/28,96,-0.9351035147389777
HYBRID,R02/training/28,112,-0.8990236198828239
HYBRID,R02/training/28,128,-0.9772242434506128
HYBRID,R02/training/28,144,-0.9010682753718866
HYBRID,R02/training/28,160,-0.9109218318294177
HYBRID,R02/training/28,176,-0.9584382476772921
HYBRID,R02/training/28,192,-0.9732833782999504
HYBRID,R02/training/28,208,-1.003733403911648
HYBRID,R02/training/28,224,-1.0343016370348175
HYBRID,R02/training/28,240,-0.9869983896882301
HYBRID,R02/training/28,256,-0.8917812613015955
HYBRID,R02/training/28,272,-0.8962290586166555
HYBRID,R02/training/28,288,-0.45917229112273183
HYBRID,R02/training/28,304,0.3722963949607371
HYBRID,R02/training/28,320,-0.9321579976071075
HYBRID,R02/training/28,336,-1.0911974605686598
HYBRID,R02/training/28,352,-1.1384264356289362
HYBRID,R02/training/28,368,-1.1113634677208626
HYBRID,R02/training/28,384,-1.1342007289180907
HYBRID,R02/training/28,400,-1.1376499323654174
HYBRID,R02/training/28,416,-1.1408984729080631
HYBRID,R02/training/28,432,-1.1275639807685165
HYBRID,R02/training/28,448,-1.1091590361936576
HYBRID,R02/training/28,464,-1.1477391138846202
HYBRID,R02/training/28,480,-1.1836509763331966
HYBRID,R02/training/28,496,-1.1627720036493896
HYBRID,R02/training/28,512,-1.114436863019145
HYBRID,R02/training/28,528,-1.1349463185761437
HYBRID,R02/training/28,544,-1.1781776691312191
HYBRID,R02/training/28,560,-1.1933708541425478
HYBRID,R02/training/28,576,-1.156256189651811
DINO,R03/training/02,0,-0.26401832592921415
DINO,R03/training/02,16,-0.39747710474592557
DINO,R03/training/02,32,-0.5038313872217706
DINO,R03/training/02,48,-0.5645343425279612
DINO,R03/training/02,64,-0.5888610804761634
DINO,R03/training/02,80,-0.64646671927776
DINO,R03/training/02,96,-0.5636098689494118
DINO,R03/training/02,112,-0.5370550246564543
DINO,R03/training/02,128,-0.4745378755845915
DINO,R03/training/02,144,-0.267555017893739
DINO,R03/training/02,160,-0.14477956506804407
DINO,R03/training/02,176,-0.12058741961205285
DINO,R03/training/02,192,-0.3580542881038352
DINO,R03/training/02,208,-0.617056257734117
DINO,R03/training/02,224,-0.5451919582921221
DINO,R03/training/02,240,-0.026270333469156325
DINO,R03/training/02,256,-0.21955841550460256
DINO,R03/training/02,272,-0.22212678810271397
DINO,R03/training/02,288,-0.281915050412761
DINO,R03/training/02,304,-0.17865766735910477
DINO,R03/training/02,320,0.1215634928331702
DINO,R03/training/02,336,-0.1323043279388621
DINO,R03/training/02,352,-0.20109152894586296
DINO,R03/training/02,368,-0.22267548086109062
DINO,R03/training/02,384,-0.13864205149427053
DINO,R03/training/02,400,0.056444416883684484
DINO,R03/training/02,416,-0.2152286309192179
DINO,R03/training/02,432,-0.19283508034693814
DINO,R03/training/02,448,-0.4660021173258545
DINO,R03/training/02,464,-1.020170969570789
DINO,R03/training/02,480,-1.0011746803149209
DINO,R03/training/02,496,-0.8574949426347194
DINO,R03/training/02,512,-0.9329987448541612
DINO,R03/training/02,528,-0.9781507931034144
DINO,R03/training/02,544,-1.0005224155682322
DINO,R03/training/02,560,-0.8958973358909063
DINO,R03/training/02,576,-1.0154388881513106
DINO,R03/training/02,592,-0.9315092601681253
DINO,R03/training/02,608,-0.8262101231884305
DINO,R03/training/02,624,-0.9218618313202512
DINO,R03/training/02,640,-0.7604662369415891
DINO,R03/training/02,656,-0.49809041474489685
DINO,R03/training/02,672,-0.5978495295506223
DINO,R03/training/02,688,-0.48163920403480043
HYBRID,R03/training/02,0,-0.26401832592921415
HYBRID,R03/training/02,16,-0.39747710474592557
HYBRID,R03/training/02,32,-0.5038313872217706
HYBRID,R03/training/02,48,-0.5645343425279612
HYBRID,R03/training/02,64,-0.5888610804761634
HYBRID,R03/training/02,80,-0.64646671927776
HYBRID,R03/training/02,96,-0.5636098689494118
HYBRID,R03/training/02,112,-0.5370550246564543
HYBRID,R03/training/02,128,-0.4745378755845915
HYBRID,R03/training/02,144,-0.267555017893739
HYBRID,R03/training/02,160,-0.14477956506804407
HYBRID,R03/training/02,176,-0.12058741961205285
HYBRID,R03/training/02,192,-0.3580542881038352
HYBRID,R03/training/02,208,-0.617056257734117
HYBRID,R03/training/02,224,-0.5451919582921221
HYBRID,R03/training/02,240,-0.026270333469156325
HYBRID,R03/training/02,256,-0.21955841550460256
HYBRID,R03/training/02,272,-0.22212678810271397
HYBRID,R03/training/02,288,-0.281915050412761
HYBRID,R03/training/02,304,-0.17865766735910477
HYBRID,R03/training/02,320,0.1215634928331702
HYBRID,R03/training/02,336,-0.1323043279388621
HYBRID,R03/training/02,352,-0.20109152894586296
HYBRID,R03/training/02,368,-0.22267548086109062
HYBRID,R03/training/02,384,-0.13864205149427053
HYBRID,R03/training/02,400,0.056444416883684484
HYBRID,R03/training/02,416,-0.2152286309192179
HYBRID,R03/training/02,432,-0.19283508034693814
HYBRID,R03/training/02,448,-0.4660021173258545
HYBRID,R03/training/02,464,-1.020170969570789
HYBRID,R03/training/02,480,-1.0011746803149209
HYBRID,R03/training/02,496,-0.8574949426347194
HYBRID,R03/training/02,512,-0.9329987448541612
HYBRID,R03/training/02,528,-0.9781507931034144
HYBRID,R03/training/02,544,-1.0005224155682322
HYBRID,R03/training/02,560,-0.8958973358909063
HYBRID,R03/training/02,576,-1.0154388881513106
HYBRID,R03/training/02,592,-0.9315092601681253
HYBRID,R03/training/02,608,-0.8262101231884305
HYBRID,R03/training/02,624,-0.9218618313202512
HYBRID,R03/training/02,640,-0.7604662369415891
HYBRID,R03/training/02,656,-0.49809041474489685
HYBRID,R03/training/02,672,-0.5978495295506223
HYBRID,R03/training/02,688,-0.48163920403480043
DINO,R03/training/16,0,-0.9394567028399761
DINO,R03/training/16,16,-1.0236206998537953
DINO,R03/training/16,32,-0.9894433305098259
DINO,R03/training/16,48,-0.9714412614377442
DINO,R03/training/16,64,-0.9895927502815476
DINO,R03/training/16,80,-1.0301595718262506
DINO,R03/training/16,96,-0.9579540468413673
DINO,R03/training/16,112,-0.9309862909670995
DINO,R03/training/16,128,-0.9229393011521485
DINO,R03/training/16,144,-0.919261124408664
DINO,R03/training/16,160,-0.9101751093325303
DINO,R03/training/16,176,-0.9634678345320392
DINO,R03/training/16,192,-0.9368122022758256
DINO,R03/training/16,208,-0.7176904218533563
DINO,R03/training/16,224,-0.8209760935211565
DINO,R03/training/16,240,-1.443478924177303
DINO,R03/training/16,256,-1.5018795741788242
DINO,R03/training/16,272,-1.4904255216109354
DINO,R03/training/16,288,-1.4481168336031804
DINO,R03/training/16,304,-1.4155225787317212
DINO,R03/training/16,320,-1.3072031395135826
DINO,R03/training/16,336,-1.1620581600621567
DINO,R03/training/16,352,-1.246800817205178
DINO,R03/training/16,368,-1.3321387656383155
DINO,R03/training/16,384,-1.3535888601690718
DINO,R03/training/16,400,-1.2676752181053403
DINO,R03/training/16,416,-0.4229112486156699
DINO,R03/training/16,432,-1.3249798016132153
DINO,R03/training/16,448,-1.6269298622192654
DINO,R03/training/16,464,-1.6036694215080267
DINO,R03/training/16,480,-1.5865235861194469
DINO,R03/training/16,496,-1.4106352644544962
DINO,R03/training/16,512,-1.5891659387092096
DINO,R03/training/16,528,-1.6207615523233856
DINO,R03/training/16,544,-1.694040084358429
DINO,R03/training/16,560,-1.7972102033458228
DINO,R03/training/16,576,-1.8403165405997162
DINO,R03/training/16,592,-1.6754456018648283
DINO,R03/training/16,608,-0.8615801918058391
DINO,R03/training/16,624,-0.6027372244155422
DINO,R03/training/16,640,-0.5367138929571069
HYBRID,R03/training/16,0,-0.9394567028399761
HYBRID,R03/training/16,16,-1.0236206998537953
HYBRID,R03/training/16,32,-0.9894433305098259
HYBRID,R03/training/16,48,-0.9714412614377442
HYBRID,R03/training/16,64,-0.9895927502815476
HYBRID,R03/training/16,80,-1.0301595718262506
HYBRID,R03/training/16,96,-0.9579540468413673
HYBRID,R03/training/16,112,-0.9309862909670995
HYBRID,R03/training/16,128,-0.9229393011521485
HYBRID,R03/training/16,144,-0.919261124408664
HYBRID,R03/training/16,160,-0.9101751093325303
HYBRID,R03/training/16,176,-0.9634678345320392
HYBRID,R03/training/16,192,-0.9368122022758256
HYBRID,R03/training/16,208,-0.7176904218533563
HYBRID,R03/training/16,224,-0.8209760935211565
HYBRID,R03/training/16,240,-1.443478924177303
HYBRID,R03/training/16,256,-1.5018795741788242
HYBRID,R03/training/16,272,-1.4904255216109354
HYBRID,R03/training/16,288,-1.4481168336031804
HYBRID,R03/training/16,304,-1.4155225787317212
HYBRID,R03/training/16,320,-1.3072031395135826
HYBRID,R03/training/16,336,-1.1620581600621567
HYBRID,R03/training/16,352,-1.246800817205178
HYBRID,R03/training/16,368,-1.3321387656383155
HYBRID,R03/training/16,384,-1.3535888601690718
HYBRID,R03/training/16,400,-1.2676752181053403
HYBRID,R03/training/16,416,-0.4229112486156699
HYBRID,R03/training/16,432,-1.3249798016132153
HYBRID,R03/training/16,448,-1.6269298622192654
HYBRID,R03/training/16,464,-1.6036694215080267
HYBRID,R03/training/16,480,-1.5865235861194469
HYBRID,R03/training/16,496,-1.4106352644544962
HYBRID,R03/training/16,512,-1.5891659387092096
HYBRID,R03/training/16,528,-1.6207615523233856
HYBRID,R03/training/16,544,-1.694040084358429
HYBRID,R03/training/16,560,-1.7972102033458228
HYBRID,R03/training/16,576,-1.8403165405997162
HYBRID,R03/training/16,592,-1.6754456018648283
HYBRID,R03/training/16,608,-0.8615801918058391
HYBRID,R03/training/16,624,-0.6027372244155422
HYBRID,R03/training/16,640,-0.5367138929571069
DINO,R03/training/20,0,-0.2236820258299556
DINO,R03/training/20,16,-0.28862756421762953
DINO,R03/training/20,32,-0.10343449903611196
DINO,R03/training/20,48,-0.44441265992287604
DINO,R03/training/20,64,-0.5782009964021859
DINO,R03/training/20,80,-0.6026552364417077
DINO,R03/training/20,96,-0.51206409340477
DINO,R03/training/20,112,-0.5510393076364839
DINO,R03/training/20,128,-0.4306354583571097
DINO,R03/training/20,144,-0.44536739282993465
DINO,R03/training/20,160,-0.37158179286057025
DINO,R03/training/20,176,-0.21584374405064877
DINO,R03/training/20,192,0.1667276886074795
DINO,R03/training/20,208,0.7189400281429716
DINO,R03/training/20,224,0.4943527685994318
DINO,R03/training/20,240,0.2764473360227859
DINO,R03/training/20,256,0.3802003380987361
DINO,R03/training/20,272,0.44057236979745096
DINO,R03/training/20,288,0.4660518296705381
DINO,R03/training/20,304,0.47772300491159914
DINO,R03/training/20,320,0.4519411811487434
DINO,R03/training/20,336,0.26671573994550934
DINO,R03/training/20,352,0.34944393077886304
DINO,R03/training/20,368,0.34052091150674557
DINO,R03/training/20,384,0.37639323075669356
DINO,R03/training/20,400,0.40681776560661853
DINO,R03/training/20,416,0.526501626383733
DINO,R03/training/20,432,0.819275999196496
DINO,R03/training/20,448,0.9752144352480746
DINO,R03/training/20,464,0.2837427746244513
DINO,R03/training/20,480,0.3011088972989541
DINO,R03/training/20,496,0.31070187603880783
DINO,R03/training/20,512,0.40144148998499507
DINO,R03/training/20,528,0.5685645329435371
DINO,R03/training/20,544,0.3246742408891041
DINO,R03/training/20,560,0.099625166852225
DINO,R03/training/20,576,0.3054001956053838
DINO,R03/training/20,592,0.31345439051888746
DINO,R03/training/20,608,0.26171029229049514
DINO,R03/training/20,624,0.3167407287695926
DINO,R03/training/20,640,0.5743813518558263
DINO,R03/training/20,656,1.2793192269767162
DINO,R03/training/20,672,1.3708179934630271
DINO,R03/training/20,688,1.3457719864797144
HYBRID,R03/training/20,0,-0.2236820258299556
HYBRID,R03/training/20,16,-0.28862756421762953
HYBRID,R03/training/20,32,-0.10343449903611196
HYBRID,R03/training/20,48,-0.44441265992287604
HYBRID,R03/training/20,64,-0.5782009964021859
HYBRID,R03/training/20,80,-0.6026552364417077
HYBRID,R03/training/20,96,-0.51206409340477
HYBRID,R03/training/20,112,-0.5510393076364839
HYBRID,R03/training/20,128,-0.4306354583571097
HYBRID,R03/training/20,144,-0.44536739282993465
HYBRID,R03/training/20,160,-0.37158179286057025
HYBRID,R03/training/20,176,-0.21584374405064877
HYBRID,R03/training/20,192,0.1667276886074795
HYBRID,R03/training/20,208,0.7189400281429716
HYBRID,R03/training/20,224,0.4943527685994318
HYBRID,R03/training/20,240,0.2764473360227859
HYBRID,R03/training/20,256,0.3802003380987361
HYBRID,R03/training/20,272,0.44057236979745096
HYBRID,R03/training/20,288,0.4660518296705381
HYBRID,R03/training/20,304,0.47772300491159914
HYBRID,R03/training/20,320,0.4519411811487434
HYBRID,R03/training/20,336,0.26671573994550934
HYBRID,R03/training/20,352,0.34944393077886304
HYBRID,R03/training/20,368,0.34052091150674557
HYBRID,R03/training/20,384,0.37639323075669356
HYBRID,R03/training/20,400,0.40681776560661853
HYBRID,R03/training/20,416,0.526501626383733
HYBRID,R03/training/20,432,0.819275999196496
HYBRID,R03/training/20,448,0.9752144352480746
HYBRID,R03/training/20,464,0.2837427746244513
HYBRID,R03/training/20,480,0.3011088972989541
HYBRID,R03/training/20,496,0.31070187603880783
HYBRID,R03/training/20,512,0.40144148998499507
HYBRID,R03/training/20,528,0.5685645329435371
HYBRID,R03/training/20,544,0.3246742408891041
HYBRID,R03/training/20,560,0.099625166852225
HYBRID,R03/training/20,576,0.3054001956053838
HYBRID,R03/training/20,592,0.31345439051888746
HYBRID,R03/training/20,608,0.26171029229049514
HYBRID,R03/training/20,624,0.3167407287695926
HYBRID,R03/training/20,640,0.5743813518558263
HYBRID,R03/training/20,656,1.2793192269767162
HYBRID,R03/training/20,672,1.3708179934630271
HYBRID,R03/training/20,688,1.3457719864797144
DINO,R03/training/21,0,0.2282849955128179
DINO,R03/training/21,16,0.2365657078806748
DINO,R03/training/21,32,0.2868337306223636
DINO,R03/training/21,48,0.2857895439664144
DINO,R03/training/21,64,-0.011716993682308217
DINO,R03/training/21,80,0.18879899088631488
DINO,R03/training/21,96,0.05363094581006089
DINO,R03/training/21,112,0.23985895927224876
DINO,R03/training/21,128,0.04021339440243996
DINO,R03/training/21,144,0.06143748761831954
DINO,R03/training/21,160,0.11765619187029905
DINO,R03/training/21,176,-0.006741304856916697
DINO,R03/training/21,192,0.056188797504497
DINO,R03/training/21,208,0.4538867871532855
DINO,R03/training/21,224,0.9215582644405315
DINO,R03/training/21,240,0.6619677185468601
DINO,R03/training/21,256,0.7446694037933528
DINO,R03/training/21,272,0.7049891221824314
DINO,R03/training/21,288,0.45279891111537446
DINO,R03/training/21,304,0.42516238445822563
DINO,R03/training/21,320,0.4358469929776386
DINO,R03/training/21,336,0.7093943256937659
DINO,R03/training/21,352,0.6569007720911749
DINO,R03/training/21,368,0.6606385186292054
DINO,R03/training/21,384,0.7232284694349246
DINO,R03/training/21,400,0.7199771243980295
DINO,R03/training/21,416,0.911677457132736
DINO,R03/training/21,432,0.8641146100181181
DINO,R03/training/21,448,0.640256681622718
DINO,R03/training/21,464,0.34042068660473657
DINO,R03/training/21,480,0.7190450494926423
DINO,R03/training/21,496,0.5511502372512147
DINO,R03/training/21,512,0.45750086875812557
DINO,R03/training/21,528,0.4115673332059419
DINO,R03/training/21,544,0.4037395723303104
DINO,R03/training/21,560,0.3373212221257549
DINO,R03/training/21,576,0.23894641425049265
DINO,R03/training/21,592,0.21599699710246398
DINO,R03/training/21,608,0.1089647471766998
DINO,R03/training/21,624,0.166993338818516
DINO,R03/training/21,640,0.18861943691080568
DINO,R03/training/21,656,0.422635594975929
DINO,R03/training/21,672,1.5860255285005755
DINO,R03/training/21,688,2.168560874601467
DINO,R03/training/21,704,2.436733878080529
HYBRID,R03/training/21,0,0.2282849955128179
HYBRID,R03/training/21,16,0.2365657078806748
HYBRID,R03/training/21,32,0.2868337306223636
HYBRID,R03/training/21,48,0.2857895439664144
HYBRID,R03/training/21,64,-0.011716993682308217
HYBRID,R03/training/21,80,0.18879899088631488
HYBRID,R03/training/21,96,0.05363094581006089
HYBRID,R03/training/21,112,0.23985895927224876
HYBRID,R03/training/21,128,0.04021339440243996
HYBRID,R03/training/21,144,0.06143748761831954
HYBRID,R03/training/21,160,0.11765619187029905
HYBRID,R03/training/21,176,-0.006741304856916697
HYBRID,R03/training/21,192,0.056188797504497
HYBRID,R03/training/21,208,0.4538867871532855
HYBRID,R03/training/21,224,0.9215582644405315
HYBRID,R03/training/21,240,0.6619677185468601
HYBRID,R03/training/21,256,0.7446694037933528
HYBRID,R03/training/21,272,0.7049891221824314
HYBRID,R03/training/21,288,0.45279891111537446
HYBRID,R03/training/21,304,0.42516238445822563
HYBRID,R03/training/21,320,0.4358469929776386
HYBRID,R03/training/21,336,0.7093943256937659
HYBRID,R03/training/21,352,0.6569007720911749
HYBRID,R03/training/21,368,0.6606385186292054
HYBRID,R03/training/21,384,0.7232284694349246
HYBRID,R03/training/21,400,0.7199771243980295
HYBRID,R03/training/21,416,0.911677457132736
HYBRID,R03/training/21,432,0.8641146100181181
HYBRID,R03/training/21,448,0.640256681622718
HYBRID,R03/training/21,464,0.34042068660473657
HYBRID,R03/training/21,480,0.7190450494926423
HYBRID,R03/training/21,496,0.5511502372512147
HYBRID,R03/training/21,512,0.45750086875812557
HYBRID,R03/training/21,528,0.4115673332059419
HYBRID,R03/training/21,544,0.4037395723303104
HYBRID,R03/training/21,560,0.3373212221257549
HYBRID,R03/training/21,576,0.23894641425049265
HYBRID,R03/training/21,592,0.21599699710246398
HYBRID,R03/training/21,608,0.1089647471766998
HYBRID,R03/training/21,624,0.166993338818516
HYBRID,R03/training/21,640,0.18861943691080568
HYBRID,R03/training/21,656,0.422635594975929
HYBRID,R03/training/21,672,1.5860255285005755
HYBRID,R03/training/21,688,2.168560874601467
HYBRID,R03/training/21,704,2.436733878080529
DINO,R03/training/22,0,-0.30497957187761005
DINO,R03/training/22,16,-0.2591277010603966
DINO,R03/training/22,32,-0.1778482042538344
DINO,R03/training/22,48,-0.0525798811724591
DINO,R03/training/22,64,-0.12926624756288985
DINO,R03/training/22,80,-0.29220782043939464
DINO,R03/training/22,96,-0.22066376729529832
DINO,R03/training/22,112,-0.01224698029480429
DINO,R03/training/22,128,0.05640333426675612
DINO,R03/training/22,144,0.01594945863742548
DINO,R03/training/22,160,0.039455962327238754
DINO,R03/training/22,176,-0.004532332167507468
DINO,R03/training/22,192,0.06912375328793134
DINO,R03/training/22,208,0.582022906291583
DINO,R03/training/22,224,0.5289005175464246
DINO,R03/training/22,240,0.7869933413765541
DINO,R03/training/22,256,1.1453223701488446
DINO,R03/training/22,272,0.8909694825393741
DINO,R03/training/22,288,0.9181332879982833
DINO,R03/training/22,304,0.8327854234309585
DINO,R03/training/22,320,0.9171107479191727
DINO,R03/training/22,336,0.8285652585287636
DINO,R03/training/22,352,1.0072058235702306
DINO,R03/training/22,368,1.0815997278007583
DINO,R03/training/22,384,1.0903091174648483
DINO,R03/training/22,400,0.8999732489651702
DINO,R03/training/22,416,0.6541417094173311
DINO,R03/training/22,432,0.7992131259595107
DINO,R03/training/22,448,0.13632495674029496
DINO,R03/training/22,464,-0.22632227215357142
DINO,R03/training/22,480,0.08261836066994326
DINO,R03/training/22,496,-0.055337817723808455
DINO,R03/training/22,512,-0.10226015138850889
DINO,R03/training/22,528,-0.18944164576159575
DINO,R03/training/22,544,-0.1286789434008366
DINO,R03/training/22,560,-0.06971466909082678
DINO,R03/training/22,576,-0.12421506682212743
DINO,R03/training/22,592,-0.014475128347800138
DINO,R03/training/22,608,-0.00896274831024631
DINO,R03/training/22,624,-0.3514340120729129
DINO,R03/training/22,640,-0.24658609569346113
DINO,R03/training/22,656,-0.03508282590385234
DINO,R03/training/22,672,1.1654842587488634
DINO,R03/training/22,688,1.9861361097739347
HYBRID,R03/training/22,0,-0.30497957187761005
HYBRID,R03/training/22,16,-0.2591277010603966
HYBRID,R03/training/22,32,-0.1778482042538344
HYBRID,R03/training/22,48,-0.0525798811724591
HYBRID,R03/training/22,64,-0.12926624756288985
HYBRID,R03/training/22,80,-0.29220782043939464
HYBRID,R03/training/22,96,-0.22066376729529832
HYBRID,R03/training/22,112,-0.01224698029480429
HYBRID,R03/training/22,128,0.05640333426675612
HYBRID,R03/training/22,144,0.01594945863742548
HYBRID,R03/training/22,160,0.039455962327238754
HYBRID,R03/training/22,176,-0.004532332167507468
HYBRID,R03/training/22,192,0.06912375328793134
HYBRID,R03/training/22,208,0.582022906291583
HYBRID,R03/training/22,224,0.5289005175464246
HYBRID,R03/training/22,240,0.7869933413765541
HYBRID,R03/training/22,256,1.1453223701488446
HYBRID,R03/training/22,272,0.8909694825393741
HYBRID,R03/training/22,288,0.9181332879982833
HYBRID,R03/training/22,304,0.8327854234309585
HYBRID,R03/training/22,320,0.9171107479191727
HYBRID,R03/training/22,336,0.8285652585287636
HYBRID,R03/training/22,352,1.0072058235702306
HYBRID,R03/training/22,368,1.0815997278007583
HYBRID,R03/training/22,384,1.0903091174648483
HYBRID,R03/training/22,400,0.8999732489651702
HYBRID,R03/training/22,416,0.6541417094173311
HYBRID,R03/training/22,432,0.7992131259595107
HYBRID,R03/training/22,448,0.13632495674029496
HYBRID,R03/training/22,464,-0.22632227215357142
HYBRID,R03/training/22,480,0.08261836066994326
HYBRID,R03/training/22,496,-0.055337817723808455
HYBRID,R03/training/22,512,-0.10226015138850889
HYBRID,R03/training/22,528,-0.18944164576159575
HYBRID,R03/training/22,544,-0.1286789434008366
HYBRID,R03/training/22,560,-0.06971466909082678
HYBRID,R03/training/22,576,-0.12421506682212743
HYBRID,R03/training/22,592,-0.014475128347800138
HYBRID,R03/training/22,608,-0.00896274831024631
HYBRID,R03/training/22,624,-0.3514340120729129
HYBRID,R03/training/22,640,-0.24658609569346113
HYBRID,R03/training/22,656,-0.03508282590385234
HYBRID,R03/training/22,672,1.1654842587488634
HYBRID,R03/training/22,688,1.9861361097739347
DINO,R04/training/02,0,-1.0872971112754861
DINO,R04/training/02,16,-0.661775618389067
DINO,R04/training/02,32,-0.2483930361605892
DINO,R04/training/02,48,-0.14433546935979236
DINO,R04/training/02,64,-0.5628205217497979
DINO,R04/training/02,80,-0.7279898325204519
DINO,R04/training/02,96,-0.7543260979503981
DINO,R04/training/02,112,-0.6884497340408045
DINO,R04/training/02,128,-0.6428155747833065
DINO,R04/training/02,144,-0.7819935414959579
DINO,R04/training/02,160,-0.6927766461967012
DINO,R04/training/02,176,-0.8743985850867975
DINO,R04/training/02,192,-0.9846617214728713
DINO,R04/training/02,208,-0.7892812411348369
DINO,R04/training/02,224,-0.7483797057599905
DINO,R04/training/02,240,-0.4245658677762125
DINO,R04/training/02,256,-0.24691880544692107
DINO,R04/training/02,272,-0.3795596266522332
DINO,R04/training/02,288,-0.4682008370042735
DINO,R04/training/02,304,-0.4630181074938096
DINO,R04/training/02,320,-0.4410639881581065
DINO,R04/training/02,336,-0.2780321389124047
DINO,R04/training/02,352,0.16584109919586654
DINO,R04/training/02,368,0.06506174632097736
DINO,R04/training/02,384,-0.030081002528498626
DINO,R04/training/02,400,0.2850876065991025
HYBRID,R04/training/02,0,-1.0872971112754861
HYBRID,R04/training/02,16,-0.661775618389067
HYBRID,R04/training/02,32,-0.2483930361605892
HYBRID,R04/training/02,48,-0.14433546935979236
HYBRID,R04/training/02,64,-0.5628205217497979
HYBRID,R04/training/02,80,-0.7279898325204519
HYBRID,R04/training/02,96,-0.7543260979503981
HYBRID,R04/training/02,112,-0.6884497340408045
HYBRID,R04/training/02,128,-0.6428155747833065
HYBRID,R04/training/02,144,-0.7819935414959579
HYBRID,R04/training/02,160,-0.6927766461967012
HYBRID,R04/training/02,176,-0.8743985850867975
HYBRID,R04/training/02,192,-0.9846617214728713
HYBRID,R04/training/02,208,-0.7892812411348369
HYBRID,R04/training/02,224,-0.7483797057599905
HYBRID,R04/training/02,240,-0.4245658677762125
HYBRID,R04/training/02,256,-0.24691880544692107
HYBRID,R04/training/02,272,-0.3795596266522332
HYBRID,R04/training/02,288,-0.4682008370042735
HYBRID,R04/training/02,304,-0.4630181074938096
HYBRID,R04/training/02,320,-0.4410639881581065
HYBRID,R04/training/02,336,-0.2780321389124047
HYBRID,R04/training/02,352,0.16584109919586654
HYBRID,R04/training/02,368,0.06506174632097736
HYBRID,R04/training/02,384,-0.030081002528498626
HYBRID,R04/training/02,400,0.2850876065991025
DINO,R04/training/17,0,-1.412258528730062
DINO,R04/training/17,16,-1.130032443554534
DINO,R04/training/17,32,-1.165423837219786
DINO,R04/training/17,48,-1.402522969200462
DINO,R04/training/17,64,-1.290187741739473
DINO,R04/training/17,80,-1.4121725622091756
DINO,R04/training/17,96,-1.1682562097444709
DINO,R04/training/17,112,-0.9642828749202705
DINO,R04/training/17,128,-0.8736463798237503
DINO,R04/training/17,144,-0.9657479167281571
DINO,R04/training/17,160,-0.9009601653580414
DINO,R04/training/17,176,-0.6279444291372016
DINO,R04/training/17,192,-0.6497043107981139
DINO,R04/training/17,208,-0.5263517360604871
DINO,R04/training/17,224,-0.8028952439663636
DINO,R04/training/17,240,-0.6444066625347189
DINO,R04/training/17,256,-0.5476680161159605
DINO,R04/training/17,272,-0.46382497956742463
DINO,R04/training/17,288,-0.4885315064110146
DINO,R04/training/17,304,-0.6247251390696185
DINO,R04/training/17,320,-0.5843357846884385
DINO,R04/training/17,336,-0.605563844069576
DINO,R04/training/17,352,-0.9299757864949107
DINO,R04/training/17,368,-0.914696402172961
HYBRID,R04/training/17,0,-1.412258528730062
HYBRID,R04/training/17,16,-1.130032443554534
HYBRID,R04/training/17,32,-1.165423837219786
HYBRID,R04/training/17,48,-1.402522969200462
HYBRID,R04/training/17,64,-1.290187741739473
HYBRID,R04/training/17,80,-1.4121725622091756
HYBRID,R04/training/17,96,-1.1682562097444709
HYBRID,R04/training/17,112,-0.9642828749202705
HYBRID,R04/training/17,128,-0.8736463798237503
HYBRID,R04/training/17,144,-0.9657479167281571
HYBRID,R04/training/17,160,-0.9009601653580414
HYBRID,R04/training/17,176,-0.6279444291372016
HYBRID,R04/training/17,192,-0.6497043107981139
HYBRID,R04/training/17,208,-0.5263517360604871
HYBRID,R04/training/17,224,-0.8028952439663636
HYBRID,R04/training/17,240,-0.6444066625347189
HYBRID,R04/training/17,256,-0.5476680161159605
HYBRID,R04/training/17,272,-0.46382497956742463
HYBRID,R04/training/17,288,-0.4885315064110146
HYBRID,R04/training/17,304,-0.6247251390696185
HYBRID,R04/training/17,320,-0.5843357846884385
HYBRID,R04/training/17,336,-0.605563844069576
HYBRID,R04/training/17,352,-0.9299757864949107
HYBRID,R04/training/17,368,-0.914696402172961
DINO,R04/training/18,0,-0.7391888545147572
DINO,R04/training/18,16,-1.0402068119625776
DINO,R04/training/18,32,-0.6222516220310352
DINO,R04/training/18,48,-0.4545565682143287
DINO,R04/training/18,64,-0.14655141706201796
DINO,R04/training/18,80,-0.25807682194917614
DINO,R04/training/18,96,-0.37966666304692337
DINO,R04/training/18,112,-0.4394755709324369
DINO,R04/training/18,128,0.00014611840501202455
DINO,R04/training/18,144,-0.07424307036445582
DINO,R04/training/18,160,0.6998955939075068
DINO,R04/training/18,176,0.5957228212004733
DINO,R04/training/18,192,0.47659394136301847
DINO,R04/training/18,208,0.42196883981286515
DINO,R04/training/18,224,0.8805470407704148
DINO,R04/training/18,240,0.6768070180070751
DINO,R04/training/18,256,0.49017009021002467
DINO,R04/training/18,272,0.3997338271135512
DINO,R04/training/18,288,0.4045185477846849
DINO,R04/training/18,304,0.5472942726217986
DINO,R04/training/18,320,0.8014209567128733
DINO,R04/training/18,336,0.586910402117956
DINO,R04/training/18,352,0.6450189317039172
DINO,R04/training/18,368,0.6606867052294573
DINO,R04/training/18,384,0.7518843553159269
DINO,R04/training/18,400,0.8544189997741901
HYBRID,R04/training/18,0,-0.7391888545147572
HYBRID,R04/training/18,16,-1.0402068119625776
HYBRID,R04/training/18,32,-0.6222516220310352
HYBRID,R04/training/18,48,-0.4545565682143287
HYBRID,R04/training/18,64,-0.14655141706201796
HYBRID,R04/training/18,80,-0.25807682194917614
HYBRID,R04/training/18,96,-0.37966666304692337
HYBRID,R04/training/18,112,-0.4394755709324369
HYBRID,R04/training/18,128,0.00014611840501202455
HYBRID,R04/training/18,144,-0.07424307036445582
HYBRID,R04/training/18,160,0.6998955939075068
HYBRID,R04/training/18,176,0.5957228212004733
HYBRID,R04/training/18,192,0.47659394136301847
HYBRID,R04/training/18,208,0.42196883981286515
HYBRID,R04/training/18,224,0.8805470407704148
HYBRID,R04/training/18,240,0.6768070180070751
HYBRID,R04/training/18,256,0.49017009021002467
HYBRID,R04/training/18,272,0.3997338271135512
HYBRID,R04/training/18,288,0.4045185477846849
HYBRID,R04/training/18,304,0.5472942726217986
HYBRID,R04/training/18,320,0.8014209567128733
HYBRID,R04/training/18,336,0.586910402117956
HYBRID,R04/training/18,352,0.6450189317039172
HYBRID,R04/training/18,368,0.6606867052294573
HYBRID,R04/training/18,384,0.7518843553159269
HYBRID,R04/training/18,400,0.8544189997741901
DINO,R04/training/20,0,-0.26065835888252137
DINO,R04/training/20,16,-0.22963704369384116
DINO,R04/training/20,32,-0.12519830959509184
DINO,R04/training/20,48,-0.1200834631260894
DINO,R04/training/20,64,-0.17638825358012097
DINO,R04/training/20,80,-0.24140811814604618
DINO,R04/training/20,96,-0.19371768278194285
DINO,R04/training/20,112,-0.525367345813304
DINO,R04/training/20,128,-0.3533413955885845
DINO,R04/training/20,144,-0.3292447536509168
DINO,R04/training/20,160,-0.3897661176031396
DINO,R04/training/20,176,0.05291865040360559
DINO,R04/training/20,192,0.015097659797873093
DINO,R04/training/20,208,0.1587478956697536
DINO,R04/training/20,224,0.15554929499784423
DINO,R04/training/20,240,0.015190754899572799
DINO,R04/training/20,256,0.2877989703278317
DINO,R04/training/20,272,0.020492552528234696
DINO,R04/training/20,288,0.005747560508145365
DINO,R04/training/20,304,0.02128090321363375
DINO,R04/training/20,320,0.2664390286122305
DINO,R04/training/20,336,0.758311836975829
DINO,R04/training/20,352,0.7659694116089149
DINO,R04/training/20,368,0.9439546543862993
DINO,R04/training/20,384,0.874936725630136
DINO,R04/training/20,400,0.7957105830032323
HYBRID,R04/training/20,0,-0.26065835888252137
HYBRID,R04/training/20,16,-0.22963704369384116
HYBRID,R04/training/20,32,-0.12519830959509184
HYBRID,R04/training/20,48,-0.1200834631260894
HYBRID,R04/training/20,64,-0.17638825358012097
HYBRID,R04/training/20,80,-0.24140811814604618
HYBRID,R04/training/20,96,-0.19371768278194285
HYBRID,R04/training/20,112,-0.525367345813304
HYBRID,R04/training/20,128,-0.3533413955885845
HYBRID,R04/training/20,144,-0.3292447536509168
HYBRID,R04/training/20,160,-0.3897661176031396
HYBRID,R04/training/20,176,0.05291865040360559
HYBRID,R04/training/20,192,0.015097659797873093
HYBRID,R04/training/20,208,0.1587478956697536
HYBRID,R04/training/20,224,0.15554929499784423
HYBRID,R04/training/20,240,0.015190754899572799
HYBRID,R04/training/20,256,0.2877989703278317
HYBRID,R04/training/20,272,0.020492552528234696
HYBRID,R04/training/20,288,0.005747560508145365
HYBRID,R04/training/20,304,0.02128090321363375
HYBRID,R04/training/20,320,0.2664390286122305
HYBRID,R04/training/20,336,0.758311836975829
HYBRID,R04/training/20,352,0.7659694116089149
HYBRID,R04/training/20,368,0.9439546543862993
HYBRID,R04/training/20,384,0.874936725630136
HYBRID,R04/training/20,400,0.7957105830032323
DINO,R04/training/25,0,-1.3035087907685505
DINO,R04/training/25,16,-1.8044040636789347
DINO,R04/training/25,32,-1.3184486234853725
DINO,R04/training/25,48,-1.746371338976255
DINO,R04/training/25,64,-0.41030787340488206
DINO,R04/training/25,80,-0.9020211609283457
DINO,R04/training/25,96,-0.781077780888831
DINO,R04/training/25,112,-0.6937234337185062
DINO,R04/training/25,128,-0.10563400928820038
DINO,R04/training/25,144,-0.3756983910121491
DINO,R04/training/25,160,-0.5049645147808468
DINO,R04/training/25,176,-0.614858931964769
DINO,R04/training/25,192,-0.6057390721955312
DINO,R04/training/25,208,-0.4005949702710998
DINO,R04/training/25,224,-0.30022436576917316
DINO,R04/training/25,240,-0.13599747061124534
DINO,R04/training/25,256,-0.3252332363283079
DINO,R04/training/25,272,-0.252610198323057
DINO,R04/training/25,288,-0.3614636847739088
DINO,R04/training/25,304,-0.3240202576921425
DINO,R04/training/25,320,-0.14856856853072506
DINO,R04/training/25,336,-0.07769102060934777
DINO,R04/training/25,352,-0.32808304623747964
DINO,R04/training/25,368,-0.27167928839664734
DINO,R04/training/25,384,-0.27247038139611557
DINO,R04/training/25,400,-0.1309525076850672
HYBRID,R04/training/25,0,-1.3035087907685505
HYBRID,R04/training/25,16,-1.8044040636789347
HYBRID,R04/training/25,32,-1.3184486234853725
HYBRID,R04/training/25,48,-1.746371338976255
HYBRID,R04/training/25,64,-0.41030787340488206
HYBRID,R04/training/25,80,-0.9020211609283457
HYBRID,R04/training/25,96,-0.781077780888831
HYBRID,R04/training/25,112,-0.6937234337185062
HYBRID,R04/training/25,128,-0.10563400928820038
HYBRID,R04/training/25,144,-0.3756983910121491
HYBRID,R04/training/25,160,-0.5049645147808468
HYBRID,R04/training/25,176,-0.614858931964769
HYBRID,R04/training/25,192,-0.6057390721955312
HYBRID,R04/training/25,208,-0.4005949702710998
HYBRID,R04/training/25,224,-0.30022436576917316
HYBRID,R04/training/25,240,-0.13599747061124534
HYBRID,R04/training/25,256,-0.3252332363283079
HYBRID,R04/training/25,272,-0.252610198323057
HYBRID,R04/training/25,288,-0.3614636847739088
HYBRID,R04/training/25,304,-0.3240202576921425
HYBRID,R04/training/25,320,-0.14856856853072506
HYBRID,R04/training/25,336,-0.07769102060934777
HYBRID,R04/training/25,352,-0.32808304623747964
HYBRID,R04/training/25,368,-0.27167928839664734
HYBRID,R04/training/25,384,-0.27247038139611557
HYBRID,R04/training/25,400,-0.1309525076850672
DINO,R01/testing/06,0,2.1331697460284738
DINO,R01/testing/06,16,2.112803675244489
DINO,R01/testing/06,32,2.0640835607418806
DINO,R01/testing/06,48,2.1456703090093976
DINO,R01/testing/06,64,2.330407930370339
DINO,R01/testing/06,80,2.25435386499092
DINO,R01/testing/06,96,2.132120425603328
DINO,R01/testing/06,112,2.157540722524942
DINO,R01/testing/06,128,2.1922188088790566
DINO,R01/testing/06,144,2.137866180861801
DINO,R01/testing/06,160,2.183691259108497
DINO,R01/testing/06,176,2.300595864590613
DINO,R01/testing/06,192,2.1685235969513794
DINO,R01/testing/06,208,2.1444167762036135
DINO,R01/testing/06,224,2.134913702723641
HYBRID,R01/testing/06,0,2.1331697460284738
HYBRID,R01/testing/06,16,2.112803675244489
HYBRID,R01/testing/06,32,2.0640835607418806
HYBRID,R01/testing/06,48,2.1456703090093976
HYBRID,R01/testing/06,64,2.330407930370339
HYBRID,R01/testing/06,80,2.25435386499092
HYBRID,R01/testing/06,96,2.132120425603328
HYBRID,R01/testing/06,112,2.157540722524942
HYBRID,R01/testing/06,128,2.1922188088790566
HYBRID,R01/testing/06,144,2.137866180861801
HYBRID,R01/testing/06,160,2.183691259108497
HYBRID,R01/testing/06,176,2.300595864590613
HYBRID,R01/testing/06,192,2.1685235969513794
HYBRID,R01/testing/06,208,2.1444167762036135
HYBRID,R01/testing/06,224,2.134913702723641
DINO,R01/testing/08,0,2.118753833234943
DINO,R01/testing/08,16,1.9273502809236003
DINO,R01/testing/08,32,1.8342705166330682
DINO,R01/testing/08,48,1.8423735483016177
DINO,R01/testing/08,64,1.7777386945385174
DINO,R01/testing/08,80,1.9151344143316487
DINO,R01/testing/08,96,2.0716616034091757
DINO,R01/testing/08,112,1.8198414869016066
DINO,R01/testing/08,128,1.8074311850661284
DINO,R01/testing/08,144,1.6826671111098943
DINO,R01/testing/08,160,1.7633710963765215
DINO,R01/testing/08,176,1.816217024303124
DINO,R01/testing/08,192,1.7249544750560601
DINO,R01/testing/08,208,1.7036916071858799
DINO,R01/testing/08,224,1.8829671219583632
HYBRID,R01/testing/08,0,2.118753833234943
HYBRID,R01/testing/08,16,1.9273502809236003
HYBRID,R01/testing/08,32,1.8342705166330682
HYBRID,R01/testing/08,48,1.8423735483016177
HYBRID,R01/testing/08,64,1.7777386945385174
HYBRID,R01/testing/08,80,1.9151344143316487
HYBRID,R01/testing/08,96,2.0716616034091757
HYBRID,R01/testing/08,112,1.8198414869016066
HYBRID,R01/testing/08,128,1.8074311850661284
HYBRID,R01/testing/08,144,1.6826671111098943
HYBRID,R01/testing/08,160,1.7633710963765215
HYBRID,R01/testing/08,176,1.816217024303124
HYBRID,R01/testing/08,192,1.7249544750560601
HYBRID,R01/testing/08,208,1.7036916071858799
HYBRID,R01/testing/08,224,1.8829671219583632
DINO,R01/testing/09,0,1.102292168230323
DINO,R01/testing/09,16,1.6020729672199387
DINO,R01/testing/09,32,1.8944473765757062
DINO,R01/testing/09,48,0.8534612686312915
DINO,R01/testing/09,64,0.7893612934868961
DINO,R01/testing/09,80,1.2644118883883415
DINO,R01/testing/09,96,1.1994876054097197
DINO,R01/testing/09,112,1.2890761963028425
DINO,R01/testing/09,128,1.3157663702886526
DINO,R01/testing/09,144,1.2109540155065226
DINO,R01/testing/09,160,1.5084134013939878
DINO,R01/testing/09,176,1.5523349489159488
DINO,R01/testing/09,192,1.8137611978118904
DINO,R01/testing/09,208,1.898759128651505
DINO,R01/testing/09,224,1.9364265582382294
HYBRID,R01/testing/09,0,1.102292168230323
HYBRID,R01/testing/09,16,1.6020729672199387
HYBRID,R01/testing/09,32,1.8944473765757062
HYBRID,R01/testing/09,48,0.8534612686312915
HYBRID,R01/testing/09,64,0.7893612934868961
HYBRID,R01/testing/09,80,1.2644118883883415
HYBRID,R01/testing/09,96,1.1994876054097197
HYBRID,R01/testing/09,112,1.2890761963028425
HYBRID,R01/testing/09,128,1.3157663702886526
HYBRID,R01/testing/09,144,1.2109540155065226
HYBRID,R01/testing/09,160,1.5084134013939878
HYBRID,R01/testing/09,176,1.5523349489159488
HYBRID,R01/testing/09,192,1.8137611978118904
HYBRID,R01/testing/09,208,1.898759128651505
HYBRID,R01/testing/09,224,1.9364265582382294
DINO,R01/testing/10,0,1.0063058687323538
DINO,R01/testing/10,16,0.7228971719794446
DINO,R01/testing/10,32,0.6651091262033202
DINO,R01/testing/10,48,0.5665667802325511
DINO,R01/testing/10,64,1.1146301452081722
DINO,R01/testing/10,80,0.7034006520827483
DINO,R01/testing/10,96,0.9950080320535656
DINO,R01/testing/10,112,1.103749480800059
DINO,R01/testing/10,128,0.9849359801462971
DINO,R01/testing/10,144,1.3195710956080156
DINO,R01/testing/10,160,1.0408347542436698
DINO,R01/testing/10,176,0.9926681381819479
DINO,R01/testing/10,192,1.3000853305621427
DINO,R01/testing/10,208,0.8717483653195468
DINO,R01/testing/10,224,0.9049300354996669
HYBRID,R01/testing/10,0,1.0063058687323538
HYBRID,R01/testing/10,16,0.7228971719794446
HYBRID,R01/testing/10,32,0.6651091262033202
HYBRID,R01/testing/10,48,0.5665667802325511
HYBRID,R01/testing/10,64,1.1146301452081722
HYBRID,R01/testing/10,80,0.7034006520827483
HYBRID,R01/testing/10,96,0.9950080320535656
HYBRID,R01/testing/10,112,1.103749480800059
HYBRID,R01/testing/10,128,0.9849359801462971
HYBRID,R01/testing/10,144,1.3195710956080156
HYBRID,R01/testing/10,160,1.0408347542436698
HYBRID,R01/testing/10,176,0.9926681381819479
HYBRID,R01/testing/10,192,1.3000853305621427
HYBRID,R01/testing/10,208,0.8717483653195468
HYBRID,R01/testing/10,224,0.9049300354996669
DINO,R02/testing/02,0,1.5714867787747884
DINO,R02/testing/02,16,2.258961840018632
DINO,R02/testing/02,32,1.0523890578757276
DINO,R02/testing/02,48,0.879104605515486
DINO,R02/testing/02,64,0.6213265961553647
DINO,R02/testing/02,80,0.6418829556629542
DINO,R02/testing/02,96,0.4676445486175658
DINO,R02/testing/02,112,-0.2834922366071926
DINO,R02/testing/02,128,-0.366302290574241
DINO,R02/testing/02,144,-0.18867023538218852
DINO,R02/testing/02,160,0.10986906215706421
DINO,R02/testing/02,176,0.2916956651842625
DINO,R02/testing/02,192,-0.18313637191503696
DINO,R02/testing/02,208,-0.09874078922498913
DINO,R02/testing/02,224,-0.10551863146566179
DINO,R02/testing/02,240,-0.434917473088855
DINO,R02/testing/02,256,-0.31619412964641413
DINO,R02/testing/02,272,-0.388673681666635
DINO,R02/testing/02,288,-0.33028281501416945
DINO,R02/testing/02,304,0.5607444979737417
DINO,R02/testing/02,320,-0.5360144488682975
DINO,R02/testing/02,336,-0.8369328485652887
DINO,R02/testing/02,352,-0.9367036450042187
DINO,R02/testing/02,368,-0.9730845851826374
DINO,R02/testing/02,384,-0.9195687351835824
DINO,R02/testing/02,400,-1.0291229599050886
DINO,R02/testing/02,416,-0.9136400885701935
DINO,R02/testing/02,432,-0.9589348370826017
DINO,R02/testing/02,448,-0.9077349687873014
DINO,R02/testing/02,464,-0.9988101836939389
DINO,R02/testing/02,480,-1.0488532492645992
DINO,R02/testing/02,496,-1.0469102057296182
DINO,R02/testing/02,512,-0.9525757157259382
DINO,R02/testing/02,528,-0.8931916702628537
DINO,R02/testing/02,544,-1.06016631969543
DINO,R02/testing/02,560,-0.9464307566928086
DINO,R02/testing/02,576,-1.1046249133122163
DINO,R02/testing/02,592,-1.1820672664323222
HYBRID,R02/testing/02,0,1.5714867787747884
HYBRID,R02/testing/02,16,2.258961840018632
HYBRID,R02/testing/02,32,1.0523890578757276
HYBRID,R02/testing/02,48,0.879104605515486
HYBRID,R02/testing/02,64,0.6213265961553647
HYBRID,R02/testing/02,80,0.6418829556629542
HYBRID,R02/testing/02,96,0.4676445486175658
HYBRID,R02/testing/02,112,-0.2834922366071926
HYBRID,R02/testing/02,128,-0.366302290574241
HYBRID,R02/testing/02,144,-0.18867023538218852
HYBRID,R02/testing/02,160,0.10986906215706421
HYBRID,R02/testing/02,176,0.2916956651842625
HYBRID,R02/testing/02,192,-0.18313637191503696
HYBRID,R02/testing/02,208,-0.09874078922498913
HYBRID,R02/testing/02,224,-0.10551863146566179
HYBRID,R02/testing/02,240,-0.434917473088855
HYBRID,R02/testing/02,256,-0.31619412964641413
HYBRID,R02/testing/02,272,-0.388673681666635
HYBRID,R02/testing/02,288,-0.33028281501416945
HYBRID,R02/testing/02,304,0.5607444979737417
HYBRID,R02/testing/02,320,-0.5360144488682975
HYBRID,R02/testing/02,336,-0.8369328485652887
HYBRID,R02/testing/02,352,-0.9367036450042187
HYBRID,R02/testing/02,368,-0.9730845851826374
HYBRID,R02/testing/02,384,-0.9195687351835824
HYBRID,R02/testing/02,400,-1.0291229599050886
HYBRID,R02/testing/02,416,-0.9136400885701935
HYBRID,R02/testing/02,432,-0.9589348370826017
HYBRID,R02/testing/02,448,-0.9077349687873014
HYBRID,R02/testing/02,464,-0.9988101836939389
HYBRID,R02/testing/02,480,-1.0488532492645992
HYBRID,R02/testing/02,496,-1.0469102057296182
HYBRID,R02/testing/02,512,-0.9525757157259382
HYBRID,R02/testing/02,528,-0.8931916702628537
HYBRID,R02/testing/02,544,-1.06016631969543
HYBRID,R02/testing/02,560,-0.9464307566928086
HYBRID,R02/testing/02,576,-1.1046249133122163
HYBRID,R02/testing/02,592,-1.1820672664323222
DINO,R02/testing/05,0,2.4955351100442913
DINO,R02/testing/05,16,6.808855533798965
DINO,R02/testing/05,32,2.590558073594782
DINO,R02/testing/05,48,2.2558242412549427
DINO,R02/testing/05,64,2.1369693692605294
DINO,R02/testing/05,80,2.1631816603639322
DINO,R02/testing/05,96,2.285569825271999
DINO,R02/testing/05,112,2.3533065581096024
DINO,R02/testing/05,128,2.640196997526381
DINO,R02/testing/05,144,2.600605412649132
DINO,R02/testing/05,160,2.694629330015353
DINO,R02/testing/05,176,2.803320942509244
DINO,R02/testing/05,192,2.8725811793685967
DINO,R02/testing/05,208,2.8219010355137932
DINO,R02/testing/05,224,2.9779451182234387
DINO,R02/testing/05,240,3.0287316520238945
DINO,R02/testing/05,256,3.094032297190953
DINO,R02/testing/05,272,3.5508402720914862
DINO,R02/testing/05,288,3.957583559416835
DINO,R02/testing/05,304,5.322323521638736
DINO,R02/testing/05,320,1.2981599234520862
DINO,R02/testing/05,336,1.0002584304516946
DINO,R02/testing/05,352,0.7618399892703993
DINO,R02/testing/05,368,0.652518624746109
DINO,R02/testing/05,384,0.7253600618479354
DINO,R02/testing/05,400,0.6711833965026119
DINO,R02/testing/05,416,0.8892886588353275
DINO,R02/testing/05,432,0.7021852355461993
DINO,R02/testing/05,448,0.8005845955084538
DINO,R02/testing/05,464,0.6658721810720245
DINO,R02/testing/05,480,0.5922338641652918
DINO,R02/testing/05,496,0.5682050132794574
DINO,R02/testing/05,512,0.5653865461287941
DINO,R02/testing/05,528,0.6478825204125711
DINO,R02/testing/05,544,0.5027401326154566
DINO,R02/testing/05,560,0.5025031569748342
DINO,R02/testing/05,576,0.6327316620359081
HYBRID,R02/testing/05,0,2.4955351100442913
HYBRID,R02/testing/05,16,6.808855533798965
HYBRID,R02/testing/05,32,2.590558073594782
HYBRID,R02/testing/05,48,2.2558242412549427
HYBRID,R02/testing/05,64,2.1369693692605294
HYBRID,R02/testing/05,80,2.1631816603639322
HYBRID,R02/testing/05,96,2.285569825271999
HYBRID,R02/testing/05,112,2.3533065581096024
HYBRID,R02/testing/05,128,2.640196997526381
HYBRID,R02/testing/05,144,2.600605412649132
HYBRID,R02/testing/05,160,2.694629330015353
HYBRID,R02/testing/05,176,2.803320942509244
HYBRID,R02/testing/05,192,2.8725811793685967
HYBRID,R02/testing/05,208,2.8219010355137932
HYBRID,R02/testing/05,224,2.9779451182234387
HYBRID,R02/testing/05,240,3.0287316520238945
HYBRID,R02/testing/05,256,3.094032297190953
HYBRID,R02/testing/05,272,3.5508402720914862
HYBRID,R02/testing/05,288,3.957583559416835
HYBRID,R02/testing/05,304,5.322323521638736
HYBRID,R02/testing/05,320,1.2981599234520862
HYBRID,R02/testing/05,336,1.0002584304516946
HYBRID,R02/testing/05,352,0.7618399892703993
HYBRID,R02/testing/05,368,0.652518624746109
HYBRID,R02/testing/05,384,0.7253600618479354
HYBRID,R02/testing/05,400,0.6711833965026119
HYBRID,R02/testing/05,416,0.8892886588353275
HYBRID,R02/testing/05,432,0.7021852355461993
HYBRID,R02/testing/05,448,0.8005845955084538
HYBRID,R02/testing/05,464,0.6658721810720245
HYBRID,R02/testing/05,480,0.5922338641652918
HYBRID,R02/testing/05,496,0.5682050132794574
HYBRID,R02/testing/05,512,0.5653865461287941
HYBRID,R02/testing/05,528,0.6478825204125711
HYBRID,R02/testing/05,544,0.5027401326154566
HYBRID,R02/testing/05,560,0.5025031569748342
HYBRID,R02/testing/05,576,0.6327316620359081
DINO,R02/testing/07,0,2.1443801743419373
DINO,R02/testing/07,16,2.287933555038189
DINO,R02/testing/07,32,1.0821591434335607
DINO,R02/testing/07,48,0.7792378924884273
DINO,R02/testing/07,64,0.8306432335332572
DINO,R02/testing/07,80,0.8375696649411399
DINO,R02/testing/07,96,0.7813087122593342
DINO,R02/testing/07,112,0.9773275492876197
DINO,R02/testing/07,128,1.1612355919683237
DINO,R02/testing/07,144,1.2555883625677553
DINO,R02/testing/07,160,1.292373418902614
DINO,R02/testing/07,176,1.5042796894881842
DINO,R02/testing/07,192,1.2293236791941096
DINO,R02/testing/07,208,1.1853632899437838
DINO,R02/testing/07,224,1.3067815098215787
DINO,R02/testing/07,240,1.3201885286878485
DINO,R02/testing/07,256,1.335848529846343
DINO,R02/testing/07,272,1.3129832536918684
DINO,R02/testing/07,288,1.7699710467125216
DINO,R02/testing/07,304,3.5348878068835887
DINO,R02/testing/07,320,0.7761097222947722
DINO,R02/testing/07,336,0.775201814707061
DINO,R02/testing/07,352,0.6890640679889977
DINO,R02/testing/07,368,0.5930742045815303
DINO,R02/testing/07,384,0.6343970023301134
DINO,R02/testing/07,400,0.5778541991108481
DINO,R02/testing/07,416,0.533669448117648
DINO,R02/testing/07,432,0.412239620905663
DINO,R02/testing/07,448,0.5365417982719239
DINO,R02/testing/07,464,0.47234872977501063
DINO,R02/testing/07,480,0.4792131747055758
DINO,R02/testing/07,496,0.5432336239230033
DINO,R02/testing/07,512,0.5393107017233547
DINO,R02/testing/07,528,0.6730889232477757
HYBRID,R02/testing/07,0,2.1443801743419373
HYBRID,R02/testing/07,16,2.287933555038189
HYBRID,R02/testing/07,32,1.0821591434335607
HYBRID,R02/testing/07,48,0.7792378924884273
HYBRID,R02/testing/07,64,0.8306432335332572
HYBRID,R02/testing/07,80,0.8375696649411399
HYBRID,R02/testing/07,96,0.7813087122593342
HYBRID,R02/testing/07,112,0.9773275492876197
HYBRID,R02/testing/07,128,1.1612355919683237
HYBRID,R02/testing/07,144,1.2555883625677553
HYBRID,R02/testing/07,160,1.292373418902614
HYBRID,R02/testing/07,176,1.5042796894881842
HYBRID,R02/testing/07,192,1.2293236791941096
HYBRID,R02/testing/07,208,1.1853632899437838
HYBRID,R02/testing/07,224,1.3067815098215787
HYBRID,R02/testing/07,240,1.3201885286878485
HYBRID,R02/testing/07,256,1.335848529846343
HYBRID,R02/testing/07,272,1.3129832536918684
HYBRID,R02/testing/07,288,1.7699710467125216
HYBRID,R02/testing/07,304,3.5348878068835887
HYBRID,R02/testing/07,320,0.7761097222947722
HYBRID,R02/testing/07,336,0.775201814707061
HYBRID,R02/testing/07,352,0.6890640679889977
HYBRID,R02/testing/07,368,0.5930742045815303
HYBRID,R02/testing/07,384,0.6343970023301134
HYBRID,R02/testing/07,400,0.5778541991108481
HYBRID,R02/testing/07,416,0.533669448117648
HYBRID,R02/testing/07,432,0.412239620905663
HYBRID,R02/testing/07,448,0.5365417982719239
HYBRID,R02/testing/07,464,0.47234872977501063
HYBRID,R02/testing/07,480,0.4792131747055758
HYBRID,R02/testing/07,496,0.5432336239230033
HYBRID,R02/testing/07,512,0.5393107017233547
HYBRID,R02/testing/07,528,0.6730889232477757
DINO,R03/testing/01,0,-0.012115588910054483
DINO,R03/testing/01,16,-0.07250195781645366
DINO,R03/testing/01,32,-0.12325446348021328
DINO,R03/testing/01,48,-0.11679271004450972
DINO,R03/testing/01,64,-0.07545871755044004
DINO,R03/testing/01,80,-0.13090579849837586
DINO,R03/testing/01,96,-0.11753534612138064
DINO,R03/testing/01,112,-0.12832715524603233
DINO,R03/testing/01,128,-0.09818538141282394
DINO,R03/testing/01,144,-0.042955944491067224
DINO,R03/testing/01,160,-0.013615166990300314
DINO,R03/testing/01,176,-0.028966552251571954
DINO,R03/testing/01,192,-0.05154851980047492
DINO,R03/testing/01,208,0.3435855808860597
DINO,R03/testing/01,224,0.6906071407018269
DINO,R03/testing/01,240,0.5096881378963374
DINO,R03/testing/01,256,0.6447942045271544
DINO,R03/testing/01,272,0.6633903449233163
DINO,R03/testing/01,288,0.7950840101464068
DINO,R03/testing/01,304,0.7678003560583162
DINO,R03/testing/01,320,1.0168167577076352
DINO,R03/testing/01,336,0.9368088617385468
DINO,R03/testing/01,352,0.9856958829278347
DINO,R03/testing/01,368,1.0342612084578655
DINO,R03/testing/01,384,1.1386300744135762
DINO,R03/testing/01,400,1.208178878319832
DINO,R03/testing/01,416,1.323397684260442
DINO,R03/testing/01,432,1.1353537878488404
DINO,R03/testing/01,448,0.9437230036052284
DINO,R03/testing/01,464,1.4140064177478262
DINO,R03/testing/01,480,1.5873143965496315
DINO,R03/testing/01,496,0.8653590379368824
DINO,R03/testing/01,512,0.780849488150219
DINO,R03/testing/01,528,0.6990117473981973
DINO,R03/testing/01,544,0.8103648459188111
DINO,R03/testing/01,560,0.7418765574446745
DINO,R03/testing/01,576,0.7045260772959961
DINO,R03/testing/01,592,0.5402521451026161
DINO,R03/testing/01,608,0.44318278430202307
DINO,R03/testing/01,624,0.45420057910096107
DINO,R03/testing/01,640,0.4227211177231489
DINO,R03/testing/01,656,0.42023791335221283
DINO,R03/testing/01,672,0.9815727939554885
DINO,R03/testing/01,688,1.7781212553555672
DINO,R03/testing/01,704,1.6555602975838908
HYBRID,R03/testing/01,0,-0.012115588910054483
HYBRID,R03/testing/01,16,-0.07250195781645366
HYBRID,R03/testing/01,32,-0.12325446348021328
HYBRID,R03/testing/01,48,-0.11679271004450972
HYBRID,R03/testing/01,64,-0.07545871755044004
HYBRID,R03/testing/01,80,-0.13090579849837586
HYBRID,R03/testing/01,96,-0.11753534612138064
HYBRID,R03/testing/01,112,-0.12832715524603233
HYBRID,R03/testing/01,128,-0.09818538141282394
HYBRID,R03/testing/01,144,-0.042955944491067224
HYBRID,R03/testing/01,160,-0.013615166990300314
HYBRID,R03/testing/01,176,-0.028966552251571954
HYBRID,R03/testing/01,192,-0.05154851980047492
HYBRID,R03/testing/01,208,0.3435855808860597
HYBRID,R03/testing/01,224,0.6906071407018269
HYBRID,R03/testing/01,240,0.5096881378963374
HYBRID,R03/testing/01,256,0.6447942045271544
HYBRID,R03/testing/01,272,0.6633903449233163
HYBRID,R03/testing/01,288,0.7950840101464068
HYBRID,R03/testing/01,304,0.7678003560583162
HYBRID,R03/testing/01,320,1.0168167577076352
HYBRID,R03/testing/01,336,0.9368088617385468
HYBRID,R03/testing/01,352,0.9856958829278347
HYBRID,R03/testing/01,368,1.0342612084578655
HYBRID,R03/testing/01,384,1.1386300744135762
HYBRID,R03/testing/01,400,1.208178878319832
HYBRID,R03/testing/01,416,1.323397684260442
HYBRID,R03/testing/01,432,1.1353537878488404
HYBRID,R03/testing/01,448,0.9437230036052284
HYBRID,R03/testing/01,464,1.4140064177478262
HYBRID,R03/testing/01,480,1.5873143965496315
HYBRID,R03/testing/01,496,0.8653590379368824
HYBRID,R03/testing/01,512,0.780849488150219
HYBRID,R03/testing/01,528,0.6990117473981973
HYBRID,R03/testing/01,544,0.8103648459188111
HYBRID,R03/testing/01,560,0.7418765574446745
HYBRID,R03/testing/01,576,0.7045260772959961
HYBRID,R03/testing/01,592,0.5402521451026161
HYBRID,R03/testing/01,608,0.44318278430202307
HYBRID,R03/testing/01,624,0.45420057910096107
HYBRID,R03/testing/01,640,0.4227211177231489
HYBRID,R03/testing/01,656,0.42023791335221283
HYBRID,R03/testing/01,672,0.9815727939554885
HYBRID,R03/testing/01,688,1.7781212553555672
HYBRID,R03/testing/01,704,1.6555602975838908
DINO,R03/testing/08,0,-0.0894554087320292
DINO,R03/testing/08,16,-0.09224438664139778
DINO,R03/testing/08,32,-0.14620409959650477
DINO,R03/testing/08,48,-0.23104268569275987
DINO,R03/testing/08,64,-0.27050042255923934
DINO,R03/testing/08,80,-0.2555021705435293
DINO,R03/testing/08,96,-0.2276619199854804
DINO,R03/testing/08,112,-0.24827956495690057
DINO,R03/testing/08,128,-0.28986021998550254
DINO,R03/testing/08,144,-0.24053142511245298
DINO,R03/testing/08,160,-0.29157365706909877
DINO,R03/testing/08,176,-0.020178990917656583
DINO,R03/testing/08,192,0.5721085864125166
DINO,R03/testing/08,208,0.5337617589597843
DINO,R03/testing/08,224,0.4178416289545546
DINO,R03/testing/08,240,0.3123545233618223
DINO,R03/testing/08,256,0.3096345413093611
DINO,R03/testing/08,272,0.38992609502233755
DINO,R03/testing/08,288,0.4975426565438964
DINO,R03/testing/08,304,0.6083724209163798
DINO,R03/testing/08,320,0.6677623069669434
DINO,R03/testing/08,336,0.8033420332314118
DINO,R03/testing/08,352,0.8523193527614612
DINO,R03/testing/08,368,0.9865387230525944
DINO,R03/testing/08,384,0.9088069708942991
DINO,R03/testing/08,400,1.0086596685647282
DINO,R03/testing/08,416,1.0970838912457777
DINO,R03/testing/08,432,1.1049476880412326
DINO,R03/testing/08,448,1.0320587839622206
DINO,R03/testing/08,464,0.08336005831140211
DINO,R03/testing/08,480,0.16221651488400202
DINO,R03/testing/08,496,0.1122405749507897
DINO,R03/testing/08,512,0.0941663923308206
DINO,R03/testing/08,528,0.004142773322861639
DINO,R03/testing/08,544,-0.01403647235501865
DINO,R03/testing/08,560,-0.057598915286828076
DINO,R03/testing/08,576,-0.04672676566384314
DINO,R03/testing/08,592,0.05688828640653301
DINO,R03/testing/08,608,0.1591168835720582
DINO,R03/testing/08,624,0.08429311336044198
DINO,R03/testing/08,640,0.20067263878105993
DINO,R03/testing/08,656,1.4579730343845534
DINO,R03/testing/08,672,1.7476555336181125
DINO,R03/testing/08,688,1.8854490200821719
HYBRID,R03/testing/08,0,-0.0894554087320292
HYBRID,R03/testing/08,16,-0.09224438664139778
HYBRID,R03/testing/08,32,-0.14620409959650477
HYBRID,R03/testing/08,48,-0.23104268569275987
HYBRID,R03/testing/08,64,-0.27050042255923934
HYBRID,R03/testing/08,80,-0.2555021705435293
HYBRID,R03/testing/08,96,-0.2276619199854804
HYBRID,R03/testing/08,112,-0.24827956495690057
HYBRID,R03/testing/08,128,-0.28986021998550254
HYBRID,R03/testing/08,144,-0.24053142511245298
HYBRID,R03/testing/08,160,-0.29157365706909877
HYBRID,R03/testing/08,176,-0.020178990917656583
HYBRID,R03/testing/08,192,0.5721085864125166
HYBRID,R03/testing/08,208,0.5337617589597843
HYBRID,R03/testing/08,224,0.4178416289545546
HYBRID,R03/testing/08,240,0.3123545233618223
HYBRID,R03/testing/08,256,0.3096345413093611
HYBRID,R03/testing/08,272,0.38992609502233755
HYBRID,R03/testing/08,288,0.4975426565438964
HYBRID,R03/testing/08,304,0.6083724209163798
HYBRID,R03/testing/08,320,0.6677623069669434
HYBRID,R03/testing/08,336,0.8033420332314118
HYBRID,R03/testing/08,352,0.8523193527614612
HYBRID,R03/testing/08,368,0.9865387230525944
HYBRID,R03/testing/08,384,0.9088069708942991
HYBRID,R03/testing/08,400,1.0086596685647282
HYBRID,R03/testing/08,416,1.0970838912457777
HYBRID,R03/testing/08,432,1.1049476880412326
HYBRID,R03/testing/08,448,1.0320587839622206
HYBRID,R03/testing/08,464,0.08336005831140211
HYBRID,R03/testing/08,480,0.16221651488400202
HYBRID,R03/testing/08,496,0.1122405749507897
HYBRID,R03/testing/08,512,0.0941663923308206
HYBRID,R03/testing/08,528,0.004142773322861639
HYBRID,R03/testing/08,544,-0.01403647235501865
HYBRID,R03/testing/08,560,-0.057598915286828076
HYBRID,R03/testing/08,576,-0.04672676566384314
HYBRID,R03/testing/08,592,0.05688828640653301
HYBRID,R03/testing/08,608,0.1591168835720582
HYBRID,R03/testing/08,624,0.08429311336044198
HYBRID,R03/testing/08,640,0.20067263878105993
HYBRID,R03/testing/08,656,1.4579730343845534
HYBRID,R03/testing/08,672,1.7476555336181125
HYBRID,R03/testing/08,688,1.8854490200821719
DINO,R03/testing/11,0,-0.28066387618608984
DINO,R03/testing/11,16,-0.3672875124149422
DINO,R03/testing/11,32,-0.38386340991012213
DINO,R03/testing/11,48,-0.4596876878227857
DINO,R03/testing/11,64,-0.4936371946216447
DINO,R03/testing/11,80,-0.435486564668019
DINO,R03/testing/11,96,-0.46490880878961366
DINO,R03/testing/11,112,-0.40584427829641445
DINO,R03/testing/11,128,-0.5058430486522622
DINO,R03/testing/11,144,-0.4796036959177822
DINO,R03/testing/11,160,-0.5364427164041994
DINO,R03/testing/11,176,-0.38191774134321915
DINO,R03/testing/11,192,-0.08544261720178134
DINO,R03/testing/11,208,0.6321088725633304
DINO,R03/testing/11,224,0.4131090991714903
DINO,R03/testing/11,240,0.4220864642810267
DINO,R03/testing/11,256,0.471337556701957
DINO,R03/testing/11,272,0.4015886366576075
DINO,R03/testing/11,288,0.46526963332751836
DINO,R03/testing/11,304,0.5260664426019761
DINO,R03/testing/11,320,0.5892233543754267
DINO,R03/testing/11,336,0.737193076552481
DINO,R03/testing/11,352,0.6788025616534102
DINO,R03/testing/11,368,0.5436832735103433
DINO,R03/testing/11,384,0.6671324082642422
DINO,R03/testing/11,400,1.0181385335584743
DINO,R03/testing/11,416,1.0411972262967084
DINO,R03/testing/11,432,0.8334668109566017
DINO,R03/testing/11,448,0.3251093412543799
DINO,R03/testing/11,464,0.24160141486419817
DINO,R03/testing/11,480,0.20784437074129436
DINO,R03/testing/11,496,0.23641826925037862
DINO,R03/testing/11,512,0.21683397721942826
DINO,R03/testing/11,528,0.22106465259823826
DINO,R03/testing/11,544,0.2726194788310764
DINO,R03/testing/11,560,0.16971100606362743
DINO,R03/testing/11,576,0.23362955201751337
DINO,R03/testing/11,592,0.1903210705623301
DINO,R03/testing/11,608,0.2665481145267936
DINO,R03/testing/11,624,0.32310421759059227
DINO,R03/testing/11,640,0.14515300634871103
DINO,R03/testing/11,656,0.3778603181175616
DINO,R03/testing/11,672,3.127493446962101
DINO,R03/testing/11,688,4.347380966889073
DINO,R03/testing/11,704,4.302886574176599
HYBRID,R03/testing/11,0,-0.28066387618608984
HYBRID,R03/testing/11,16,-0.3672875124149422
HYBRID,R03/testing/11,32,-0.38386340991012213
HYBRID,R03/testing/11,48,-0.4596876878227857
HYBRID,R03/testing/11,64,-0.4936371946216447
HYBRID,R03/testing/11,80,-0.435486564668019
HYBRID,R03/testing/11,96,-0.46490880878961366
HYBRID,R03/testing/11,112,-0.40584427829641445
HYBRID,R03/testing/11,128,-0.5058430486522622
HYBRID,R03/testing/11,144,-0.4796036959177822
HYBRID,R03/testing/11,160,-0.5364427164041994
HYBRID,R03/testing/11,176,-0.38191774134321915
HYBRID,R03/testing/11,192,-0.08544261720178134
HYBRID,R03/testing/11,208,0.6321088725633304
HYBRID,R03/testing/11,224,0.4131090991714903
HYBRID,R03/testing/11,240,0.4220864642810267
HYBRID,R03/testing/11,256,0.471337556701957
HYBRID,R03/testing/11,272,0.4015886366576075
HYBRID,R03/testing/11,288,0.46526963332751836
HYBRID,R03/testing/11,304,0.5260664426019761
HYBRID,R03/testing/11,320,0.5892233543754267
HYBRID,R03/testing/11,336,0.737193076552481
HYBRID,R03/testing/11,352,0.6788025616534102
HYBRID,R03/testing/11,368,0.5436832735103433
HYBRID,R03/testing/11,384,0.6671324082642422
HYBRID,R03/testing/11,400,1.0181385335584743
HYBRID,R03/testing/11,416,1.0411972262967084
HYBRID,R03/testing/11,432,0.8334668109566017
HYBRID,R03/testing/11,448,0.3251093412543799
HYBRID,R03/testing/11,464,0.24160141486419817
HYBRID,R03/testing/11,480,0.20784437074129436
HYBRID,R03/testing/11,496,0.23641826925037862
HYBRID,R03/testing/11,512,0.21683397721942826
HYBRID,R03/testing/11,528,0.22106465259823826
HYBRID,R03/testing/11,544,0.2726194788310764
HYBRID,R03/testing/11,560,0.16971100606362743
HYBRID,R03/testing/11,576,0.23362955201751337
HYBRID,R03/testing/11,592,0.1903210705623301
HYBRID,R03/testing/11,608,0.2665481145267936
HYBRID,R03/testing/11,624,0.32310421759059227
HYBRID,R03/testing/11,640,0.14515300634871103
HYBRID,R03/testing/11,656,0.3778603181175616
HYBRID,R03/testing/11,672,3.127493446962101
HYBRID,R03/testing/11,688,4.347380966889073
HYBRID,R03/testing/11,704,4.302886574176599
DINO,R04/testing/02,0,0.013171105197106332
DINO,R04/testing/02,16,0.2009684195023879
DINO,R04/testing/02,32,0.3001402881721106
DINO,R04/testing/02,48,0.07089855363110689
DINO,R04/testing/02,64,0.33760466308752585
DINO,R04/testing/02,80,0.4964891858546999
DINO,R04/testing/02,96,0.723181243121623
DINO,R04/testing/02,112,0.581397029933673
DINO,R04/testing/02,128,0.9901694376278714
DINO,R04/testing/02,144,0.8213070840870996
DINO,R04/testing/02,160,0.8942461917359066
DINO,R04/testing/02,176,1.0565094177283092
DINO,R04/testing/02,192,1.0560936771723535
DINO,R04/testing/02,208,0.8019632170153093
DINO,R04/testing/02,224,1.1070152763932297
DINO,R04/testing/02,240,0.8949557906272243
DINO,R04/testing/02,256,1.0940797665711837
DINO,R04/testing/02,272,0.9879416161364563
DINO,R04/testing/02,288,0.931842499237614
DINO,R04/testing/02,304,0.601104863820406
DINO,R04/testing/02,320,1.0104568761044432
DINO,R04/testing/02,336,0.7094753440534478
DINO,R04/testing/02,352,0.4449219654990102
DINO,R04/testing/02,368,0.4318496127691449
DINO,R04/testing/02,384,-0.0023827217945518544
HYBRID,R04/testing/02,0,0.013171105197106332
HYBRID,R04/testing/02,16,0.2009684195023879
HYBRID,R04/testing/02,32,0.3001402881721106
HYBRID,R04/testing/02,48,0.07089855363110689
HYBRID,R04/testing/02,64,0.33760466308752585
HYBRID,R04/testing/02,80,0.4964891858546999
HYBRID,R04/testing/02,96,0.723181243121623
HYBRID,R04/testing/02,112,0.581397029933673
HYBRID,R04/testing/02,128,0.9901694376278714
HYBRID,R04/testing/02,144,0.8213070840870996
HYBRID,R04/testing/02,160,0.8942461917359066
HYBRID,R04/testing/02,176,1.0565094177283092
HYBRID,R04/testing/02,192,1.0560936771723535
HYBRID,R04/testing/02,208,0.8019632170153093
HYBRID,R04/testing/02,224,1.1070152763932297
HYBRID,R04/testing/02,240,0.8949557906272243
HYBRID,R04/testing/02,256,1.0940797665711837
HYBRID,R04/testing/02,272,0.9879416161364563
HYBRID,R04/testing/02,288,0.931842499237614
HYBRID,R04/testing/02,304,0.601104863820406
HYBRID,R04/testing/02,320,1.0104568761044432
HYBRID,R04/testing/02,336,0.7094753440534478
HYBRID,R04/testing/02,352,0.4449219654990102
HYBRID,R04/testing/02,368,0.4318496127691449
HYBRID,R04/testing/02,384,-0.0023827217945518544
DINO,R04/testing/03,0,-1.152664223155131
DINO,R04/testing/03,16,-0.806025530866853
DINO,R04/testing/03,32,-0.8084599663405339
DINO,R04/testing/03,48,-0.7150883431862955
DINO,R04/testing/03,64,-0.4411573560554466
DINO,R04/testing/03,80,-0.2801319618178155
DINO,R04/testing/03,96,-0.11018047886161579
DINO,R04/testing/03,112,0.28552239020511283
DINO,R04/testing/03,128,-0.006838770894200423
DINO,R04/testing/03,144,-0.3170721383737217
DINO,R04/testing/03,160,-0.37128906585752386
DINO,R04/testing/03,176,-0.29656619058919687
DINO,R04/testing/03,192,-0.08063136995579873
DINO,R04/testing/03,208,-0.03677290930993127
DINO,R04/testing/03,224,-0.06549302097993104
DINO,R04/testing/03,240,-0.21643953519569756
DINO,R04/testing/03,256,-0.23709427146555778
DINO,R04/testing/03,272,-0.32636444806068243
DINO,R04/testing/03,288,-0.008747737354994616
DINO,R04/testing/03,304,0.21457474816182043
DINO,R04/testing/03,320,0.08798954508556188
DINO,R04/testing/03,336,0.2122419434218505
DINO,R04/testing/03,352,-0.01348990190622728
DINO,R04/testing/03,368,0.0008135267446756818
HYBRID,R04/testing/03,0,-1.152664223155131
HYBRID,R04/testing/03,16,-0.806025530866853
HYBRID,R04/testing/03,32,-0.8084599663405339
HYBRID,R04/testing/03,48,-0.7150883431862955
HYBRID,R04/testing/03,64,-0.4411573560554466
HYBRID,R04/testing/03,80,-0.2801319618178155
HYBRID,R04/testing/03,96,-0.11018047886161579
HYBRID,R04/testing/03,112,0.28552239020511283
HYBRID,R04/testing/03,128,-0.006838770894200423
HYBRID,R04/testing/03,144,-0.3170721383737217
HYBRID,R04/testing/03,160,-0.37128906585752386
HYBRID,R04/testing/03,176,-0.29656619058919687
HYBRID,R04/testing/03,192,-0.08063136995579873
HYBRID,R04/testing/03,208,-0.03677290930993127
HYBRID,R04/testing/03,224,-0.06549302097993104
HYBRID,R04/testing/03,240,-0.21643953519569756
HYBRID,R04/testing/03,256,-0.23709427146555778
HYBRID,R04/testing/03,272,-0.32636444806068243
HYBRID,R04/testing/03,288,-0.008747737354994616
HYBRID,R04/testing/03,304,0.21457474816182043
HYBRID,R04/testing/03,320,0.08798954508556188
HYBRID,R04/testing/03,336,0.2122419434218505
HYBRID,R04/testing/03,352,-0.01348990190622728
HYBRID,R04/testing/03,368,0.0008135267446756818
DINO,R04/testing/09,0,-1.098203222540338
DINO,R04/testing/09,16,-1.0812320745180064
DINO,R04/testing/09,32,-0.9040144930303472
DINO,R04/testing/09,48,-1.1898713948546535
DINO,R04/testing/09,64,-0.7041931581047245
DINO,R04/testing/09,80,-0.9858956479426856
DINO,R04/testing/09,96,-1.0177597293681901
DINO,R04/testing/09,112,-0.9962212572636184
DINO,R04/testing/09,128,-0.06122473117138791
DINO,R04/testing/09,144,0.6540833134544988
DINO,R04/testing/09,160,0.3580515290794082
DINO,R04/testing/09,176,0.1479872562695564
DINO,R04/testing/09,192,0.3329395130528751
DINO,R04/testing/09,208,0.10471448786360815
DINO,R04/testing/09,224,0.23066311513418195
DINO,R04/testing/09,240,0.4602750620745266
DINO,R04/testing/09,256,0.3733518181620111
DINO,R04/testing/09,272,0.3501253081711986
DINO,R04/testing/09,288,0.7026771044029239
DINO,R04/testing/09,304,0.09454420694454733
DINO,R04/testing/09,320,-0.13054232696406806
HYBRID,R04/testing/09,0,-1.098203222540338
HYBRID,R04/testing/09,16,-1.0812320745180064
HYBRID,R04/testing/09,32,-0.9040144930303472
HYBRID,R04/testing/09,48,-1.1898713948546535
HYBRID,R04/testing/09,64,-0.7041931581047245
HYBRID,R04/testing/09,80,-0.9858956479426856
HYBRID,R04/testing/09,96,-1.0177597293681901
HYBRID,R04/testing/09,112,-0.9962212572636184
HYBRID,R04/testing/09,128,-0.06122473117138791
HYBRID,R04/testing/09,144,0.6540833134544988
HYBRID,R04/testing/09,160,0.3580515290794082
HYBRID,R04/testing/09,176,0.1479872562695564
HYBRID,R04/testing/09,192,0.3329395130528751
HYBRID,R04/testing/09,208,0.10471448786360815
HYBRID,R04/testing/09,224,0.23066311513418195
HYBRID,R04/testing/09,240,0.4602750620745266
HYBRID,R04/testing/09,256,0.3733518181620111
HYBRID,R04/testing/09,272,0.3501253081711986
HYBRID,R04/testing/09,288,0.7026771044029239
HYBRID,R04/testing/09,304,0.09454420694454733
HYBRID,R04/testing/09,320,-0.13054232696406806
DINO,R04/testing/15,0,-1.2026031550486582
DINO,R04/testing/15,16,-1.1622314175227815
DINO,R04/testing/15,32,-1.2084647293314021
DINO,R04/testing/15,48,-0.9382068708889226
DINO,R04/testing/15,64,-0.2989852561821914
DINO,R04/testing/15,80,-0.1288189107650206
DINO,R04/testing/15,96,0.7313619823623174
DINO,R04/testing/15,112,0.3236038575744228
DINO,R04/testing/15,128,0.46822480083847107
DINO,R04/testing/15,144,0.05521594863732884
DINO,R04/testing/15,160,0.1843601040394413
DINO,R04/testing/15,176,0.34690482641739673
DINO,R04/testing/15,192,0.5722835449678212
DINO,R04/testing/15,208,0.26092264131823795
DINO,R04/testing/15,224,0.11316048497041939
DINO,R04/testing/15,240,0.12675710784812014
DINO,R04/testing/15,256,0.23179824650917893
DINO,R04/testing/15,272,0.3519609213200582
DINO,R04/testing/15,288,0.5024753703144414
DINO,R04/testing/15,304,0.6555842494255947
DINO,R04/testing/15,320,0.44469501388387034
DINO,R04/testing/15,336,0.43330190497025944
DINO,R04/testing/15,352,-0.1705993003683821
DINO,R04/testing/15,368,-0.11806053987593823
HYBRID,R04/testing/15,0,-1.2026031550486582
HYBRID,R04/testing/15,16,-1.1622314175227815
HYBRID,R04/testing/15,32,-1.2084647293314021
HYBRID,R04/testing/15,48,-0.9382068708889226
HYBRID,R04/testing/15,64,-0.2989852561821914
HYBRID,R04/testing/15,80,-0.1288189107650206
HYBRID,R04/testing/15,96,0.7313619823623174
HYBRID,R04/testing/15,112,0.3236038575744228
HYBRID,R04/testing/15,128,0.46822480083847107
HYBRID,R04/testing/15,144,0.05521594863732884
HYBRID,R04/testing/15,160,0.1843601040394413
HYBRID,R04/testing/15,176,0.34690482641739673
HYBRID,R04/testing/15,192,0.5722835449678212
HYBRID,R04/testing/15,208,0.26092264131823795
HYBRID,R04/testing/15,224,0.11316048497041939
HYBRID,R04/testing/15,240,0.12675710784812014
HYBRID,R04/testing/15,256,0.23179824650917893
HYBRID,R04/testing/15,272,0.3519609213200582
HYBRID,R04/testing/15,288,0.5024753703144414
HYBRID,R04/testing/15,304,0.6555842494255947
HYBRID,R04/testing/15,320,0.44469501388387034
HYBRID,R04/testing/15,336,0.43330190497025944
HYBRID,R04/testing/15,352,-0.1705993003683821
HYBRID,R04/testing/15,368,-0.11806053987593823
