video_id,frame,unconditional_nn
R02/training/10,0,0.005328956060111523
R02/training/10,1,0.005191839300096035
R02/training/10,2,0.005573021713644266
R02/training/10,3,0.0055974205024540424
R02/training/10,4,0.004887121729552746
R02/training/10,5,0.0053110271692276
R02/training/10,6,0.005124601535499096
R02/training/10,7,0.005546233616769314
R02/training/10,8,0.005257928278297186
R02/training/10,9,0.005360692273825407
R02/training/10,10,0.00559433177113533
R02/training/10,11,0.005990108475089073
R02/training/10,12,0.0169170293956995
R02/training/10,13,0.030923202633857727
R02/training/10,14,0.03991299122571945
R02/training/10,15,0.04070063680410385
R02/training/10,16,0.03315766900777817
R02/training/10,17,0.032229501754045486
R02/training/10,18,0.03253960981965065
R02/training/10,19,0.02761724777519703
R02/training/10,20,0.026361742988228798
R02/training/10,21,0.024243267253041267
R02/training/10,22,0.02201526053249836
R02/training/10,23,0.021396895870566368
R02/training/10,24,0.021471455693244934
R02/training/10,25,0.023136010393500328
R02/training/10,26,0.024018356576561928
R02/training/10,27,0.024497345089912415
R02/training/10,28,0.023083802312612534
R02/training/10,29,0.02407875843346119
R02/training/10,30,0.030061040073633194
R02/training/10,31,0.03237364813685417
R02/training/10,32,0.03750183433294296
R02/training/10,33,0.022746026515960693
R02/training/10,34,0.009235488250851631
R02/training/10,35,0.009988488629460335
R02/training/10,36,0.009477771818637848
R02/training/10,37,0.009108089841902256
R02/training/10,38,0.008794506080448627
R02/training/10,39,0.008593033999204636
R02/training/10,40,0.009112522937357426
R02/training/10,41,0.008773701265454292
R02/training/10,42,0.008994934149086475
R02/training/10,43,0.009289538487792015
R02/training/10,44,0.009183739311993122
R02/training/10,45,0.00965854711830616
R02/training/10,46,0.008248504251241684
R02/training/10,47,0.007894464768469334
R02/training/10,48,0.008768687956035137
R02/training/10,49,0.00852359551936388
R02/training/10,50,0.008088042959570885
R02/training/10,51,0.008438893593847752
R02/training/10,52,0.008634895086288452
R02/training/10,53,0.008766274899244308
R02/training/10,54,0.00966466311365366
R02/training/10,55,0.010211232118308544
R02/training/10,56,0.009988728910684586
R02/training/10,57,0.008622189052402973
R02/training/10,58,0.009100165218114853
R02/training/10,59,0.009008643217384815
R02/training/10,60,0.009093117900192738
R02/training/10,61,0.009929587133228779
R02/training/10,62,0.008730918169021606
R02/training/10,63,0.00844655279070139
R02/training/10,64,0.008395957760512829
R02/training/10,65,0.008678136393427849
R02/training/10,66,0.008584567345678806
R02/training/10,67,0.008421885780990124
R02/training/10,68,0.008893906138837337
R02/training/10,69,0.008157030679285526
R02/training/10,70,0.00846604723483324
R02/training/10,71,0.009275070391595364
R02/training/10,72,0.009114088490605354
R02/training/10,73,0.008647271431982517
R02/training/10,74,0.008569970726966858
R02/training/10,75,0.009857193566858768
R02/training/10,76,0.008916022256016731
R02/training/10,77,0.00881599634885788
R02/training/10,78,0.009660758078098297
R02/training/10,79,0.010001412592828274
R02/training/10,80,0.009315982460975647
R02/training/10,81,0.00988058652728796
R02/training/10,82,0.01035520900040865
R02/training/10,83,0.010215972550213337
R02/training/10,84,0.01001488883048296
R02/training/10,85,0.00985040981322527
R02/training/10,86,0.009670902974903584
R02/training/10,87,0.009545247070491314
R02/training/10,88,0.009548897854983807
R02/training/10,89,0.008863947354257107
R02/training/10,90,0.009519576095044613
R02/training/10,91,0.008625677786767483
R02/training/10,92,0.009416562505066395
R02/training/10,93,0.009324591606855392
R02/training/10,94,0.009242093190550804
R02/training/10,95,0.009020477533340454
R02/training/10,96,0.00933013018220663
R02/training/10,97,0.008893746882677078
R02/training/10,98,0.009358532726764679
R02/training/10,99,0.00917620025575161
R02/training/10,100,0.009409992024302483
R02/training/10,101,0.008533290587365627
R02/training/10,102,0.0083029018715024
R02/training/10,103,0.008813581429421902
R02/training/10,104,0.008672655560076237
R02/training/10,105,0.009689835831522942
R02/training/10,106,0.008917754516005516
R02/training/10,107,0.00908102747052908
R02/training/10,108,0.008385865949094296
R02/training/10,109,0.008281766436994076
R02/training/10,110,0.008591243997216225
R02/training/10,111,0.008919639512896538
R02/training/10,112,0.00965566374361515
R02/training/10,113,0.00877776462584734
R02/training/10,114,0.009342575445771217
R02/training/10,115,0.008846509270370007
R02/training/10,116,0.009645598940551281
R02/training/10,117,0.010080377571284771
R02/training/10,118,0.009438267908990383
R02/training/10,119,0.009040138684213161
R02/training/10,120,0.008716880343854427
R02/training/10,121,0.009445792064070702
R02/training/10,122,0.009756172075867653
R02/training/10,123,0.008961305022239685
R02/training/10,124,0.008561174385249615
R02/training/10,125,0.00932749081403017
R02/training/10,126,0.009291157126426697
R02/training/10,127,0.00910393986850977
R02/training/10,128,0.008480384945869446
R02/training/10,129,0.009337830357253551
R02/training/10,130,0.009216832928359509
R02/training/10,131,0.008332706987857819
R02/training/10,132,0.00850761029869318
R02/training/10,133,0.008139914833009243
R02/training/10,134,0.008496146649122238
R02/training/10,135,0.008459585718810558
R02/training/10,136,0.008579762652516365
R02/training/10,137,0.008389010094106197
R02/training/10,138,0.008537753485143185
R02/training/10,139,0.008211634121835232
R02/training/10,140,0.008733982220292091
R02/training/10,141,0.008365985937416553
R02/training/10,142,0.008127632550895214
R02/training/10,143,0.007908519357442856
R02/training/10,144,0.008150311186909676
R02/training/10,145,0.008935094811022282
R02/training/10,146,0.00823093019425869
R02/training/10,147,0.008401203900575638
R02/training/10,148,0.008449262008070946
R02/training/10,149,0.008552728220820427
R02/training/10,150,0.008330058306455612
R02/training/10,151,0.008688322268426418
R02/training/10,152,0.00838687364012003
R02/training/10,153,0.008421500213444233
R02/training/10,154,0.008470558561384678
R02/training/10,155,0.008580097928643227
R02/training/10,156,0.008693985641002655
R02/training/10,157,0.008789720013737679
R02/training/10,158,0.009119250811636448
R02/training/10,159,0.009006088599562645
R02/training/10,160,0.00908772461116314
R02/training/10,161,0.008903554640710354
R02/training/10,162,0.008773008361458778
R02/training/10,163,0.009544511325657368
R02/training/10,164,0.00888848677277565
R02/training/10,165,0.00892571173608303
R02/training/10,166,0.009132622741162777
R02/training/10,167,0.008983741514384747
R02/training/10,168,0.009652652777731419
R02/training/10,169,0.009645320475101471
R02/training/10,170,0.009213482961058617
R02/training/10,171,0.009132549166679382
R02/training/10,172,0.009178733453154564
R02/training/10,173,0.008768230676651001
R02/training/10,174,0.00904455129057169
R02/training/10,175,0.00860668532550335
R02/training/10,176,0.00946812517940998
R02/training/10,177,0.009335728362202644
R02/training/10,178,0.009933491237461567
R02/training/10,179,0.009499086067080498
R02/training/10,180,0.009338012896478176
R02/training/10,181,0.009993302635848522
R02/training/10,182,0.009799092076718807
R02/training/10,183,0.00902631226927042
R02/training/10,184,0.009142931550741196
R02/training/10,185,0.00914592482149601
R02/training/10,186,0.00838193017989397
R02/training/10,187,0.008362856693565845
R02/training/10,188,0.008924197405576706
R02/training/10,189,0.008332294411957264
R02/training/10,190,0.009022817015647888
R02/training/10,191,0.007967977784574032
R02/training/10,192,0.008366832509636879
R02/training/10,193,0.008230544626712799
R02/training/10,194,0.008784986101090908
R02/training/10,195,0.00896462146192789
R02/training/10,196,0.008667436428368092
R02/training/10,197,0.008272260427474976
R02/training/10,198,0.00915815494954586
R02/training/10,199,0.008852292783558369
R02/training/10,200,0.009333940222859383
R02/training/10,201,0.009547377936542034
R02/training/10,202,0.009314325638115406
R02/training/10,203,0.00903120543807745
R02/training/10,204,0.009057438932359219
R02/training/10,205,0.009552505798637867
R02/training/10,206,0.009001614525914192
R02/training/10,207,0.008559309877455235
R02/training/10,208,0.009012754075229168
R02/training/10,209,0.00902846921235323
R02/training/10,210,0.010406199842691422
R02/training/10,211,0.009816369973123074
R02/training/10,212,0.009362892247736454
R02/training/10,213,0.010143964551389217
R02/training/10,214,0.010182316415011883
R02/training/10,215,0.010202430188655853
R02/training/10,216,0.010645718313753605
R02/training/10,217,0.011337093077600002
R02/training/10,218,0.010574973188340664
R02/training/10,219,0.010573568753898144
R02/training/10,220,0.01079383585602045
R02/training/10,221,0.010786309838294983
R02/training/10,222,0.00966812763363123
R02/training/10,223,0.009546349756419659
R02/training/10,224,0.01007840409874916
R02/training/10,225,0.010083355009555817
R02/training/10,226,0.01002072636038065
R02/training/10,227,0.009485064074397087
R02/training/10,228,0.009990322403609753
R02/training/10,229,0.00995658803731203
R02/training/10,230,0.00972817838191986
R02/training/10,231,0.009354500100016594
R02/training/10,232,0.008742030709981918
R02/training/10,233,0.008961786516010761
R02/training/10,234,0.009164787828922272
R02/training/10,235,0.008320402354001999
R02/training/10,236,0.008568278513848782
R02/training/10,237,0.008627757430076599
R02/training/10,238,0.008813749067485332
R02/training/10,239,0.00803676713258028
R02/training/10,240,0.009350850246846676
R02/training/10,241,0.009035764262080193
R02/training/10,242,0.009080990217626095
R02/training/10,243,0.00957825779914856
R02/training/10,244,0.009486600756645203
R02/training/10,245,0.008874144405126572
R02/training/10,246,0.009245912544429302
R02/training/10,247,0.009742247872054577
R02/training/10,248,0.009823623113334179
R02/training/10,249,0.009249210357666016
R02/training/10,250,0.00941402092576027
R02/training/10,251,0.00948865246027708
R02/training/10,252,0.009450430981814861
R02/training/10,253,0.009796840138733387
R02/training/10,254,0.009734703227877617
R02/training/10,255,0.008636039681732655
R02/training/10,256,0.008938844315707684
R02/training/10,257,0.00864332728087902
R02/training/10,258,0.00931903999298811
R02/training/10,259,0.00943030696362257
R02/training/10,260,0.009454237297177315
R02/training/10,261,0.009021788835525513
R02/training/10,262,0.009254510514438152
R02/training/10,263,0.009279971942305565
R02/training/10,264,0.009145974181592464
R02/training/10,265,0.009038894437253475
R02/training/10,266,0.009253052063286304
R02/training/10,267,0.00866078119724989
R02/training/10,268,0.009549455717206001
R02/training/10,269,0.010001618415117264
R02/training/10,270,0.01006424892693758
R02/training/10,271,0.01090734638273716
R02/training/10,272,0.009975005872547626
R02/training/10,273,0.009918676689267159
R02/training/10,274,0.009431327693164349
R02/training/10,275,0.009428706020116806
R02/training/10,276,0.010144978761672974
R02/training/10,277,0.010496251285076141
R02/training/10,278,0.009823454543948174
R02/training/10,279,0.010067994706332684
R02/training/10,280,0.01047433726489544
R02/training/10,281,0.01008555106818676
R02/training/10,282,0.01010177657008171
R02/training/10,283,0.010193892754614353
R02/training/10,284,0.010283094830811024
R02/training/10,285,0.010896139778196812
R02/training/10,286,0.011016333475708961
R02/training/10,287,0.011398657225072384
R02/training/10,288,0.010450697503983974
R02/training/10,289,0.010335507802665234
R02/training/10,290,0.01017745491117239
R02/training/10,291,0.010052298195660114
R02/training/10,292,0.009737668558955193
R02/training/10,293,0.010432694107294083
R02/training/10,294,0.009767367504537106
R02/training/10,295,0.010443026199936867
R02/training/10,296,0.009995535016059875
R02/training/10,297,0.011022583581507206
R02/training/10,298,0.010485940612852573
R02/training/10,299,0.01140942145138979
R02/training/10,300,0.011214514262974262
R02/training/10,301,0.012027275748550892
R02/training/10,302,0.012748447246849537
R02/training/10,303,0.011713036336004734
R02/training/10,304,0.01207530777901411
R02/training/10,305,0.012142784893512726
R02/training/10,306,0.012395551428198814
R02/training/10,307,0.01315923873335123
R02/training/10,308,0.019411947578191757
R02/training/10,309,0.027383580803871155
R02/training/10,310,0.03014407865703106
R02/training/10,311,0.02517215721309185
R02/training/10,312,0.026131583377718925
R02/training/10,313,0.024025801569223404
R02/training/10,314,0.025348717346787453
R02/training/10,315,0.02376919612288475
R02/training/10,316,0.024682408198714256
R02/training/10,317,0.026623031124472618
R02/training/10,318,0.02349109947681427
R02/training/10,319,0.025114374235272408
R02/training/10,320,0.042132630944252014
R02/training/10,321,0.04936062544584274
R02/training/10,322,0.035904377698898315
R02/training/10,323,0.013820283114910126
R02/training/10,324,0.009330786764621735
R02/training/10,325,0.007687719538807869
R02/training/10,326,0.006605550181120634
R02/training/10,327,0.0064382730051875114
R02/training/10,328,0.006977081298828125
R02/training/10,329,0.006895412690937519
R02/training/10,330,0.006793445907533169
R02/training/10,331,0.006982041988521814
R02/training/10,332,0.006725916173309088
R02/training/10,333,0.0068396213464438915
R02/training/10,334,0.0063335467129945755
R02/training/10,335,0.007020251359790564
R02/training/10,336,0.007141326554119587
R02/training/10,337,0.006773198954761028
R02/training/10,338,0.006939655635505915
R02/training/10,339,0.00593844149261713
R02/training/10,340,0.006180073134601116
R02/training/10,341,0.005601970013231039
R02/training/10,342,0.005270178429782391
R02/training/10,343,0.0056617953814566135
R02/training/10,344,0.006227843463420868
R02/training/10,345,0.00699613569304347
R02/training/10,346,0.006102170329540968
R02/training/10,347,0.005821580532938242
R02/training/10,348,0.006187995430082083
R02/training/10,349,0.006432165391743183
R02/training/10,350,0.0074881622567772865
R02/training/10,351,0.006340720225125551
R02/training/10,352,0.0068038273602724075
R02/training/10,353,0.006354202516376972
R02/training/10,354,0.006430420093238354
R02/training/10,355,0.006230819504708052
R02/training/10,356,0.006321774795651436
R02/training/10,357,0.006226993631571531
R02/training/10,358,0.00595400296151638
R02/training/10,359,0.006118330173194408
R02/training/10,360,0.007244778331369162
R02/training/10,361,0.006604388821870089
R02/training/10,362,0.006833837367594242
R02/training/10,363,0.006662908010184765
R02/training/10,364,0.006323772482573986
R02/training/10,365,0.0061813462525606155
R02/training/10,366,0.006539831403642893
R02/training/10,367,0.006086737848818302
R02/training/10,368,0.0066068777814507484
R02/training/10,369,0.0056981113739311695
R02/training/10,370,0.005461049731820822
R02/training/10,371,0.005992759019136429
R02/training/10,372,0.005990341771394014
R02/training/10,373,0.005310011561959982
R02/training/10,374,0.005713061895221472
R02/training/10,375,0.005756829399615526
R02/training/10,376,0.006165579427033663
R02/training/10,377,0.005867853295058012
R02/training/10,378,0.006015934515744448
R02/training/10,379,0.005962071940302849
R02/training/10,380,0.005699692294001579
R02/training/10,381,0.005887604784220457
R02/training/10,382,0.005542028229683638
R02/training/10,383,0.006212172564119101
R02/training/10,384,0.005828497000038624
R02/training/10,385,0.005868622101843357
R02/training/10,386,0.00572987413033843
R02/training/10,387,0.005414034705609083
R02/training/10,388,0.005534342024475336
R02/training/10,389,0.005281002726405859
R02/training/10,390,0.005091118160635233
R02/training/10,391,0.005312741734087467
R02/training/10,392,0.005050478037446737
R02/training/10,393,0.004910498391836882
R02/training/10,394,0.005064696539193392
R02/training/10,395,0.005239605437964201
R02/training/10,396,0.004743010271340609
R02/training/10,397,0.00481225224211812
R02/training/10,398,0.004478291142731905
R02/training/10,399,0.004826351534575224
R02/training/10,400,0.004958650097250938
R02/training/10,401,0.004753889981657267
R02/training/10,402,0.004779379349201918
R02/training/10,403,0.005320965778082609
R02/training/10,404,0.0052093444392085075
R02/training/10,405,0.0052521200850605965
R02/training/10,406,0.005133000668138266
R02/training/10,407,0.00646229088306427
R02/training/10,408,0.005727450828999281
R02/training/10,409,0.004957669414579868
R02/training/10,410,0.005145059898495674
R02/training/10,411,0.004613141994923353
R02/training/10,412,0.005217927508056164
R02/training/10,413,0.005071211140602827
R02/training/10,414,0.005198178347200155
R02/training/10,415,0.005723885726183653
R02/training/10,416,0.0049858964048326015
R02/training/10,417,0.00519690103828907
R02/training/10,418,0.005267702508717775
R02/training/10,419,0.005237399600446224
R02/training/10,420,0.005761954002082348
R02/training/10,421,0.005470359697937965
R02/training/10,422,0.006167286541312933
R02/training/10,423,0.005404862109571695
R02/training/10,424,0.00559952761977911
R02/training/10,425,0.0055612861178815365
R02/training/10,426,0.006025047041475773
R02/training/10,427,0.0056761340238153934
R02/training/10,428,0.006210558116436005
R02/training/10,429,0.005875066854059696
R02/training/10,430,0.005496617406606674
R02/training/10,431,0.005409543868154287
R02/training/10,432,0.005281822290271521
R02/training/10,433,0.005620199255645275
R02/training/10,434,0.0056883650831878185
R02/training/10,435,0.005769180133938789
R02/training/10,436,0.0053465296514332294
R02/training/10,437,0.004951999522745609
R02/training/10,438,0.005438500549644232
R02/training/10,439,0.005043854471296072
R02/training/10,440,0.0049802809953689575
R02/training/10,441,0.005385668016970158
R02/training/10,442,0.005345514509826899
R02/training/10,443,0.005309888627380133
R02/training/10,444,0.005254752933979034
R02/training/10,445,0.005402028560638428
R02/training/10,446,0.005368509329855442
R02/training/10,447,0.005327887833118439
R02/training/10,448,0.005795304663479328
R02/training/10,449,0.005881240591406822
R02/training/10,450,0.005605285055935383
R02/training/10,451,0.00567413866519928
R02/training/10,452,0.0055857147090137005
R02/training/10,453,0.005984538234770298
R02/training/10,454,0.006337396800518036
R02/training/10,455,0.005642044823616743
R02/training/10,456,0.005578685086220503
R02/training/10,457,0.006069068796932697
R02/training/10,458,0.00559911597520113
R02/training/10,459,0.005457340274006128
R02/training/10,460,0.005280924495309591
R02/training/10,461,0.0059120855294167995
R02/training/10,462,0.005456062033772469
R02/training/10,463,0.00613891426473856
R02/training/10,464,0.006059170700609684
R02/training/10,465,0.005584387108683586
R02/training/10,466,0.005346617661416531
R02/training/10,467,0.005519047379493713
R02/training/10,468,0.005863177590072155
R02/training/10,469,0.006843871437013149
R02/training/10,470,0.005817088298499584
R02/training/10,471,0.0062512499280273914
R02/training/10,472,0.006400786805897951
R02/training/10,473,0.006545620039105415
R02/training/10,474,0.006011841353029013
R02/training/10,475,0.005833800416439772
R02/training/10,476,0.005519028287380934
R02/training/10,477,0.005499782506376505
R02/training/10,478,0.004951107781380415
R02/training/10,479,0.005528991110622883
R02/training/10,480,0.005728593096137047
R02/training/10,481,0.005730275996029377
R02/training/10,482,0.005849054083228111
R02/training/10,483,0.005451291799545288
R02/training/10,484,0.004796880297362804
R02/training/10,485,0.005115572828799486
R02/training/10,486,0.005262318532913923
R02/training/10,487,0.005209347233176231
R02/training/10,488,0.005220648366957903
R02/training/10,489,0.005490497220307589
R02/training/10,490,0.004774119239300489
R02/training/10,491,0.0050789047963917255
R02/training/10,492,0.005120269022881985
R02/training/10,493,0.0050548589788377285
R02/training/10,494,0.004419759847223759
R02/training/10,495,0.004621117375791073
R02/training/10,496,0.004620259162038565
R02/training/10,497,0.005154816433787346
R02/training/10,498,0.004692816641181707
R02/training/10,499,0.004900384694337845
R02/training/10,500,0.005088023375719786
R02/training/10,501,0.004642633255571127
R02/training/10,502,0.00480713602155447
R02/training/10,503,0.0052343616262078285
R02/training/10,504,0.005508557427674532
R02/training/10,505,0.005070557817816734
R02/training/10,506,0.005301475524902344
R02/training/10,507,0.005214829463511705
R02/training/10,508,0.005178803578019142
R02/training/10,509,0.005590606480836868
R02/training/10,510,0.005395904183387756
R02/training/10,511,0.0047124894335865974
R02/training/10,512,0.005420104134827852
R02/training/10,513,0.004937817342579365
R02/training/10,514,0.005277496296912432
R02/training/10,515,0.0063237519934773445
R02/training/10,516,0.005592687055468559
R02/training/10,517,0.005231828894466162
R02/training/10,518,0.005862876307219267
R02/training/10,519,0.006522906478494406
R02/training/10,520,0.007100501097738743
R02/training/10,521,0.0061944699846208096
R02/training/10,522,0.005603984463959932
R02/training/10,523,0.0055823246948421
R02/training/10,524,0.005848315078765154
R02/training/10,525,0.005819243844598532
R02/training/10,526,0.006426758132874966
R02/training/10,527,0.0058522820472717285
R02/training/10,528,0.005991228390485048
R02/training/10,529,0.006243220996111631
R02/training/10,530,0.005840972065925598
R02/training/10,531,0.005380143411457539
R02/training/10,532,0.005628752056509256
R02/training/10,533,0.00570348696783185
R02/training/10,534,0.00592275895178318
R02/training/10,535,0.006540835835039616
R02/training/10,536,0.006381910759955645
R02/training/10,537,0.005587611813098192
R02/training/10,538,0.005565423984080553
R02/training/10,539,0.006506748963147402
R02/training/10,540,0.005987235810607672
R02/training/10,541,0.005248475819826126
R02/training/10,542,0.0054515330120921135
R02/training/10,543,0.005778632592409849
R02/training/10,544,0.0057245660573244095
R02/training/10,545,0.005445453803986311
R02/training/10,546,0.0055169579572975636
R02/training/10,547,0.005635115783661604
R02/training/10,548,0.005627215839922428
R02/training/10,549,0.006050814874470234
R02/training/10,550,0.005407525692135096
R02/training/10,551,0.005615323316305876
R02/training/10,552,0.005164200905710459
R02/training/10,553,0.005265696439892054
R02/training/10,554,0.0055261459201574326
R02/training/10,555,0.0058705369010567665
R02/training/10,556,0.005407483782619238
R02/training/10,557,0.005620751995593309
R02/training/10,558,0.00515138590708375
R02/training/10,559,0.005486087873578072
R02/training/10,560,0.005252220202237368
R02/training/10,561,0.005642570089548826
R02/training/10,562,0.0050848182290792465
R02/training/10,563,0.005203795153647661
R02/training/10,564,0.005435474682599306
R02/training/10,565,0.00507683539763093
R02/training/10,566,0.0051793986931443214
R02/training/10,567,0.005449327640235424
R02/training/10,568,0.005073242355138063
R02/training/10,569,0.004716753028333187
R02/training/10,570,0.004996621515601873
R02/training/10,571,0.0050103128887712955
R02/training/10,572,0.005177143961191177
R02/training/10,573,0.004728235770016909
R02/training/10,574,0.005455397069454193
R02/training/10,575,0.005244787782430649
R02/training/10,576,0.005531662609428167
R02/training/10,577,0.0050943102687597275
R02/training/10,578,0.005668628960847855
R02/training/10,579,0.005964225623756647
R02/training/10,580,0.005292913876473904
R02/training/10,581,0.006332142278552055
R02/training/10,582,0.005586881656199694
R02/training/10,583,0.005601194687187672
R02/training/10,584,0.005382904317229986
R02/training/10,585,0.005161176901310682
R02/training/10,586,0.004735804162919521
R02/training/10,587,0.005204268265515566
R02/training/10,588,0.004736126866191626
R02/training/10,589,0.0050517478957772255
R02/training/10,590,0.004823360126465559
R02/training/10,591,0.004789593163877726
R02/training/10,592,0.0046519506722688675
R02/training/10,593,0.004528799094259739
R02/training/10,594,0.004863840527832508
